{
  "ammo_type": "PBAOE",
  "damage": 25000,
  "splash_damage": 25000,
  "splash_radius": 150,
  "full_damage_splash_radius": 150,
  "splash_damages_allies": true,
  "burn_damage": 200,
  "burn_radius": 137,
  "sim_fire_effect": "/pa/effects/specs/default_commander_explosion_ent.json",
	"impact_decals": ["/pa/effects/specs/nuke_scorch_01.json"],
  "damage_volume": {
    "initial_radius": 110,
    "radius_velocity": 20,
    "radius_accel": 10,
    "delay": 1,
    "burnable_remove_radius": 250
  }
}