{
	"base_spec": "/pa/ammo/base_missiles/base_missile.json",
	"flight_type": "Seeking",
	"model": {
		"filename": "/pa/units/air/atoa_missile/atoa_missile.papa"
	},
	"fx_trail": {
		"filename": "/pa/effects/specs/rocket_proj_trail.pfx",
		"offset": [0.0,
		2.2,
		0.0]
	},
	"events": {
		"died": {
			"audio_cue": "/SE/Impacts/missile_tactical",
			"effect_spec": "/pa/effects/specs/default_proj_explosion.pfx"
		}
	},
	"damage": 0,
	"splash_damage": 0,
	"splash_radius": 0,
	"initial_velocity": 155.0,
	"max_velocity": 155.0,
	"turn_rate": 270
}