{
  "base_spec": "/pa/ammo/bomb/light.json",
  "damage": 2500,
  "splash_damage": 250,
  "splash_radius": 60,
  "full_damage_splash_radius": 45,
  "initial_velocity": 10,
  "max_velocity": 10,
  "splash_damages_allies": false,
  "lifetime": 5,
  "impact_decals": [
    "/pa/effects/specs/scorch_c_01.json"
  ],
  "events": {
    "died": {
      "audio_cue": "/SE/Impacts/shell_artillery",
      "effect_spec": "/pa/effects/specs/default_building_explosion.pfx",
      "effect_scale": 3
    }
  },
  "damage_volume": {
    "initial_radius": 5,
    "radius_velocity": 20,
    "radius_accel": 20,
    "delay": 1,
    "burnable_remove_radius": 100
  }
}