{
  "ammo_id": "/pa/units/land/bot_sniper/bot_sniper_ammo.json", 
  "auto_attack": true, 
  "spread_fire": true,
  "base_spec": "/pa/tools/base_shell_turret/base_shell_turret.json", 
  "firing_arc_pitch": 45, 
  "firing_arc_yaw": 5, 
  "max_range": 500, 
  "pitch_range": 15,
  "pitch_rate": 360,  
  "yaw_rate": 360,
  "rate_of_fire": 0.75, 
  "idle_aim_delay": 1,
  "ammo_source": "energy",
  "ammo_capacity": 1500,
  "ammo_demand": 250,
  "ammo_per_shot": 1500,
  "target_layers": [
    "WL_Orbital"
  ], 
  "yaw_range": 45
}