{
    "base_spec": "/pa/ammo/base_ammo/base_ammo.json",
    "flight_type": "Direct",
    "model": {
        "filename": ""
    },
    "fx_trail": {
        "filename": "/pa/effects/laser/gattling.pfx",
        "offset": [
            0,
            0.4,
            0
        ]
    },
    "events": {
        "died": {
            "audio_cue": "/SE/Impacts/laser_blast",
            "effect_specs": "/pa/effects/specs/default_proj_explosion.pfx"
        }
    },
    "physics": {
        "radius": 1,
        "push_class": 1,
        "gravity_scalar": 5,
        "ignore_gravity": true,
        "add_to_spatial_db": false,
        "allow_underground": true
    },
    "damage": 4,
    "splash_damage": 0,
    "splash_radius": 0,
    "lifetime": 1,
    "initial_velocity": 300,
    "max_velocity": 300
}