{
  "base_spec": "/pa/tools/large_missile/nuke_strat.json",
  "ammo_id": "/pa/units/land_combat/nuke_launcher/nuke_launcher_strat_ammo.json",
  "ammo_source": "factory",
  "rate_of_fire": 1,
  "max_range": 5000,
  "yaw_rate": 0,
  "pitch_rate": 0,
  "yaw_range": 180,
  "pitch_range": 180,
  "firing_arc_yaw": 180,
  "firing_arc_pitch": 180,
  "manual_fire": true,
  "auto_attack": false,
  "auto_task_type": "none",
  "lifetime": 60,
  "target_layers": [
    "WL_LandHorizontal",
    "WL_WaterSurface"
  ]
}