{
  "base_spec": "/pa/units/land/base_structure/base_structure.json",
  "display_name": "Sea Mine",
  "description": "Heavy-Hitter Suicide Unit: An underwater explosive with proximity sensor. Weak vs Long-Range & Radar",
  "display_group": 50,
  "display_index": 40,
  "max_health": 50,
  "build_metal_cost": 300,
  "spawn_layers": "WL_WaterSurface",
  "unit_types": [
    "UNITTYPE_Structure",
    "UNITTYPE_Naval",
    "UNITTYPE_Defense",
    "UNITTYPE_Basic"
  ],
  "recon": {
    "observer": {
      "items": [
        {
          "layer": "surface_and_air",
          "channel": "sight",
          "shape": "capsule",
          "radius": 1
        }
      ]
    }
  },
  "model": {
    "filename": "/pa/units/sea/sea_mine/sea_mine.papa"
  },
  "events": {
    "build_complete": {
      "audio_cue": "/SE/Build_Complete/sea"
    },
    "died": {
      "audio_cue": "/SE/Death/Sea"
    }
  },
  "TEMP_texelinfo": 2.37699
}