{
  "TEMP_texelinfo": 30.5603,
  "audio": {
    "loops": {
      "move": {
        "cue": "/SE/Movement/sea/T2_missile_ship_loop",
        "flag": "vel_changed",
        "should_start_func": "is_moving",
        "should_stop_func": "is_not_moving"
      }
    }
  },
  "base_spec": "/pa/units/surfacenaval_units/base_ship/base_ship.json",
  "build_metal_cost": 3000,
  "description": "Heavy Suppression Ship: A tactical missile cruiser that can hit orbital targets. Uses metal. Weak vs Fast & Flankers",
  "display_group": 20,
  "display_index": 80,
  "display_name": "Stingray",
  "events": {
    "build_complete": {
      "audio_cue": "/SE/Build_Complete/sea"
    },
    "died": {
      "audio_cue": "/SE/Death/Sea_large", 
      "effect_scale": 2.0, 
      "effect_spec": "/pa/effects/specs/default_building_explosion.pfx"
    },
    "fired": {
      "audio_cue": "/SE/Weapons/sea/T2_missile_ship_fire"
    }
  },
  "guard_layer": "WL_AnySurface",
  "guard_radius": 300,
  "max_health": 6000,
  "mesh_bounds": [
    10,
    50,
    10
  ],
  "model": {
    "animations": {
      "end": "/pa/units/sea/missile_ship/missile_ship_anim_end.papa",
      "idle": "/pa/units/sea/missile_ship/missile_ship_anim_idle.papa",
      "start": "/pa/units/sea/missile_ship/missile_ship_anim_start.papa"
    },
    "animtree": "/pa/anim/anim_trees/missile_ship_anim_tree.json",
    "filename": "/pa/units/sea/missile_ship/missile_ship.papa"
  },
  "navigation": {
    "acceleration": 3,
    "brake": 9,
    "move_speed": 25,
    "turn_speed": 15,
    "type": "deepwater"
  },
  "nearby_target_tick_update_interval": 20,
  "physics": {
    "push_class": 2,
    "radius": 12
  },
  "recon": {
    "observer": {
      "items": [
        {
          "channel": "sight",
          "layer": "surface_and_air",
          "radius": 200,
          "shape": "capsule"
        },
        {
          "layer": "orbital",
          "channel": "sight",
          "shape": "capsule",
          "radius": 200
        }
      ]
    }
  },
  "spawn_layers": "WL_WaterSurface",
  "tools": [
    {
      "aim_bone": "socket_missile_muzzle01",
      "muzzle_bone": [
        "socket_missile_muzzle01",
        "socket_missile_muzzle02"
      ],
      "spec_id": "/pa/units/surfacenaval_units/missile_ship/missile_ship_tool_weapon.json"
    }
  ],
  "unit_types": [
    "UNITTYPE_Naval",
    "UNITTYPE_Mobile",
    "UNITTYPE_Advanced",
    "UNITTYPE_Tactical",
    "UNITTYPE_FactoryBuild"
  ]
}