{"build_list":[{"name":"Move Commander To Planet","instance_count":1,"priority":1000,"builders":["Commander"],"build_conditions":[[{"test_type":"WantCommanderOffPlanet","boolean":true},{"test_type":"UnitPoolCount","unit_type_string0":"Orbital & Transport","compare0":">=","value0":1}]],"task_type":"TransportToPlanet"},{"name":"Teleport Commander To Planet","instance_count":1,"priority":1001,"builders":["Commander"],"build_conditions":[[{"test_type":"WantCommanderOffPlanetByTeleporter","boolean":true},{"test_type":"UnitCountOnPlanet","unit_type_string0":"Structure & Teleporter","compare0":">","value0":0}]],"task_type":"TeleportFabberToPlanet"},{"name":"Commander Give Up","instance_count":1,"priority":0,"builders":["Commander"],"build_conditions":[[{"test_type":"NoWhereToRun","boolean":true},{"test_type":"UnitCountOnPlanet","unit_type_string0":"Orbital & Factory","compare0":"<","value0":1},{"test_type":"UnitPoolCount","unit_type_string0":"Orbital & Transport","compare0":"<","value0":1}]],"task_type":"GiveUp"}]}