{"build_list":[{"name":"Basic Metal Extractor - cdr","to_build":"BasicMetalExtractor","instance_count":2,"shared_instance_count":"BasicMetal","priority":261,"base_sort":"FromBuilder","builders":["Commander"],"build_conditions":[[{"test_type":"PotentialMetalEfficiency","compare0":"<","value0":1.0},{"test_type":"CanFindMetalSpotToBuildBasic","boolean":true},{"test_type":"UnitCountOnPlanet","unit_type_string0":"Fabber - Orbital","compare0":"<","value0":1,"boolean":true}]],"placement_rules":{"placement_type":"FromMainBaseCenter","threat":{"influence_type":"AntiSurface","compare_type":"<","radius":10,"value":50}}},{"name":"Basic Metal Extractor - cdr Desire","to_build":"BasicMetalExtractor","instance_count":2,"shared_instance_count":"BasicMetal","priority":501,"base_sort":"FromBuilder","builders":["Commander"],"build_conditions":[[{"test_type":"DesireMetal"},{"test_type":"CanFindMetalSpotToBuildBasic","boolean":true},{"test_type":"UnitCountOnPlanet","unit_type_string0":"Fabber - Orbital","compare0":"<","value0":1,"boolean":true}]],"placement_rules":{"placement_type":"FromMainBaseCenter","threat":{"influence_type":"AntiSurface","compare_type":"<","radius":10,"value":50}}},{"name":"Basic Energy Generator - early cdr","to_build":"BasicEnergyGenerator","instance_count":1,"max_num_assisters":1,"shared_instance_count":"BasicEnergy","priority":260,"builders":["Commander"],"build_conditions":[[{"test_type":"PotentialEnergyEfficiency","compare0":"<","value0":1.0},{"test_type":"UnitCount","unit_type_string0":"EnergyProduction & Basic","compare0":">=","value0":10},{"test_type":"UnitCount","unit_type_string0":"EnergyProduction & Advanced","compare0":"<","value0":1},{"test_type":"CanFindPlaceToBuild","string0":"BasicEnergyGenerator"}]],"placement_rules":{"buffer":6,"placement_type":"FromBaseCenter","threat":{"influence_type":"AntiSurface","compare_type":"<","radius":10,"value":50}}},{"name":"Basic Energy Generator - Cdr","to_build":"BasicEnergyGenerator","instance_count":1,"max_num_assisters":1,"shared_instance_count":"BasicEnergy","priority":260,"builders":["Commander"],"build_conditions":[[{"test_type":"PotentialEnergyEfficiency","compare0":"<","value0":1.0},{"test_type":"UnitCount","unit_type_string0":"EnergyProduction & Basic","compare0":"<","value0":10},{"test_type":"UnitCount","unit_type_string0":"EnergyProduction & Advanced","compare0":"<","value0":1},{"test_type":"CanFindPlaceToBuild","string0":"BasicEnergyGenerator"}]],"placement_rules":{"buffer":6,"placement_type":"FromBaseCenter","threat":{"influence_type":"AntiSurface","compare_type":"<","radius":10,"value":50}}},{"name":"Basic Energy Generator - late Desire cdr","to_build":"BasicEnergyGenerator","instance_count":1,"max_num_assisters":3,"shared_instance_count":"BasicEnergy","priority":500,"builders":["Commander"],"build_conditions":[[{"test_type":"DesireEnergy"},{"test_type":"UnitCount","unit_type_string0":"EnergyProduction & Basic","compare0":">=","value0":10},{"test_type":"UnitCount","unit_type_string0":"EnergyProduction & Advanced","compare0":"<","value0":1},{"test_type":"CanFindPlaceToBuild","string0":"BasicEnergyGenerator"}]],"placement_rules":{"buffer":6,"placement_type":"FromBaseCenter","threat":{"influence_type":"AntiSurface","compare_type":"<","radius":10,"value":50}}},{"name":"Basic Energy Generator - early Desire Cdr","to_build":"BasicEnergyGenerator","instance_count":1,"max_num_assisters":3,"shared_instance_count":"BasicEnergy","priority":500,"builders":["Commander"],"build_conditions":[[{"test_type":"DesireEnergy"},{"test_type":"UnitCount","unit_type_string0":"EnergyProduction & Basic","compare0":"<","value0":10},{"test_type":"UnitCount","unit_type_string0":"EnergyProduction & Advanced","compare0":"<","value0":1},{"test_type":"CanFindPlaceToBuild","string0":"BasicEnergyGenerator"}]],"placement_rules":{"buffer":6,"placement_type":"FromBaseCenter","threat":{"influence_type":"AntiSurface","compare_type":"<","radius":10,"value":50}}},{"name":"Energy Storage - cdr","to_build":"EnergyStorage","instance_count":1,"priority":140,"builders":["Commander"],"build_conditions":[[{"test_type":"EnergyStorageToProductionRatio","compare0":"<","value0":5},{"test_type":"CanAffordBuildDemand"},{"test_type":"CanFindPlaceToBuild","string0":"EnergyStorage"}]],"placement_rules":{"buffer":10,"placement_type":"FromBaseCenter","threat":{"influence_type":"AntiSurface","compare_type":"<","radius":10,"value":50}}},{"name":"Metal Storage - cdr","to_build":"MetalStorage","instance_count":1,"priority":140,"builders":["Commander"],"build_conditions":[[{"test_type":"MetalStorageToProductionRatio","compare0":"<","value0":6},{"test_type":"CanAffordBuildDemand"},{"test_type":"CanFindPlaceToBuild","string0":"MetalStorage"}]],"placement_rules":{"buffer":10,"placement_type":"FromBaseCenter","threat":{"influence_type":"AntiSurface","compare_type":"<","radius":10,"value":50}}}]}