{"build_list":[{"name":"Basic Radar","to_build":"BasicRadar","instance_count":1,"shared_instance_count":"BasicRadar","priority":90,"builders":["AnyBasicFabber"],"build_conditions":[[{"test_type":"CanAffordBuildDemand"},{"test_type":"UnitCountOnPlanet","unit_type_string0":"(Recon & Advanced - Orbital) | (Recon & Orbital - Structure)","compare0":"<","value0":1},{"test_type":"UnitCountInBase","unit_type_string0":"Land & Structure & Recon & Basic","compare0":"<","value0":1},{"test_type":"CanAffordPotentialDrain","string0":"BasicRadar"},{"test_type":"UnitCountAroundBase","unit_type_string0":"Land & Structure & Recon & Basic","string0":"Ally","value0":200,"compare0":"<","value1":1},{"test_type":"CanFindPlaceToBuild","string0":"BasicRadar"}]],"placement_rules":{"buffer":2,"threat":{"influence_type":"AntiSurface","compare_type":"<","radius":10,"value":50}}},{"name":"Basic Radar - Need for Ranged","to_build":"BasicRadar","instance_count":1,"shared_instance_count":"BasicRadar","priority":246,"builders":["AnyBasicFabber"],"build_conditions":[[{"test_type":"CanAffordBuildDemand"},{"test_type":"UnitCountOnPlanet","unit_type_string0":"(Recon & Advanced - Orbital) | (Recon & Orbital - Structure)","compare0":"<","value0":1},{"test_type":"UnitCountInBase","unit_type_string0":"Land & Structure & Recon & Basic","compare0":"<","value0":1},{"test_type":"UnitCountInBase","unit_type_string0":"Structure & (Artillery | Tactical)","compare0":">","value0":0},{"test_type":"CanAffordPotentialDrain","string0":"BasicRadar"},{"test_type":"UnitCountAroundBase","unit_type_string0":"Land & Structure & Recon & Basic","string0":"Ally","value0":200,"compare0":"<","value1":1},{"test_type":"CanFindPlaceToBuild","string0":"BasicRadar"}]],"placement_rules":{"buffer":2,"threat":{"influence_type":"AntiSurface","compare_type":"<","radius":10,"value":50}}},{"name":"Advanced Radar","to_build":"AdvancedRadar","instance_count":1,"shared_instance_count":"AdvancedRadar","priority":91,"builders":["AnyAdvancedFabber"],"build_conditions":[[{"test_type":"CanAffordBuildDemand"},{"test_type":"UnitCountInBase","unit_type_string0":"Land & Structure & Recon & Advanced","compare0":"<","value0":1},{"test_type":"CanAffordPotentialDrain","string0":"AdvancedRadar"},{"test_type":"UnitCountAroundBase","unit_type_string0":"Land & Structure & Recon & Advanced","string0":"Ally","value0":350,"compare0":"<","value1":1},{"test_type":"CanFindPlaceToBuild","string0":"AdvancedRadar"}]],"placement_rules":{"buffer":2,"threat":{"influence_type":"AntiSurface","compare_type":"<","radius":10,"value":50}}},{"name":"Advanced Radar - Need for Ranged","to_build":"AdvancedRadar","instance_count":1,"shared_instance_count":"AdvancedRadar","priority":247,"builders":["AnyAdvancedFabber"],"build_conditions":[[{"test_type":"CanAffordBuildDemand"},{"test_type":"UnitCountInBase","unit_type_string0":"Land & Structure & Recon & Advanced","compare0":"<","value0":1},{"test_type":"CanAffordPotentialDrain","string0":"AdvancedRadar"},{"test_type":"UnitCountInBase","unit_type_string0":"Structure & (Artillery | Tactical)","compare0":">","value0":0},{"test_type":"UnitCountAroundBase","unit_type_string0":"Land & Structure & Recon & Advanced","string0":"Ally","value0":350,"compare0":"<","value1":1},{"test_type":"CanFindPlaceToBuild","string0":"AdvancedRadar"}]],"placement_rules":{"buffer":2,"threat":{"influence_type":"AntiSurface","compare_type":"<","radius":10,"value":50}}},{"name":"Deep Space Radar","to_build":"DeepSpaceRadar","instance_count":1,"priority":90,"builders":["AnyBasicFabber"],"build_conditions":[[{"test_type":"CanAffordBuildDemand"},{"test_type":"UnitCount","unit_type_string0":"Structure & Recon & Orbital","compare0":"<","value0":1},{"test_type":"HaveSeenEnemyUnits","unit_type_string0":"Orbital - (Structure & Recon)","boolean":true},{"test_type":"CanFindPlaceToBuild","string0":"DeepSpaceRadar"}],[{"test_type":"CanAffordBuildDemand"},{"test_type":"UnitCount","unit_type_string0":"Structure & Recon & Orbital","compare0":"<","value0":1},{"test_type":"UnitCount","unit_type_string0":"Orbital & Factory","compare0":">","value0":0},{"test_type":"CanFindPlaceToBuild","string0":"DeepSpaceRadar"}]],"placement_rules":{"buffer":2,"threat":{"influence_type":"AntiSurface","compare_type":"<","radius":10,"value":50}}}]}