{"build_list":[{"name":"Basic Air Factory","to_build":"BasicAirFactory","instance_count":1,"shared_instance_count":"BasicFactory","priority":376,"min_num_assisters":3,"max_num_assisters":5,"builders":["Commander","AnyBasicFabber","AnyAdvancedFabber"],"build_conditions":[[{"test_type":"AloneOnPlanet","boolean":false},{"test_type":"NeedBasicAirFactory"},{"test_type":"CanAffordPotentialDrain","string0":"BasicAirFactory"},{"test_type":"HaveEcoForAdvanced","boolean":false},{"test_type":"UnitRatioOnPlanet","unit_type_string0":"Factory & Basic - Orbital - NukeDefense - Nuke","unit_type_string1":"Fabber & Basic","compare0":"<=","value0":0.5},{"test_type":"CanFindPlaceToBuild","string0":"BasicAirFactory"}],[{"test_type":"AloneOnPlanet","boolean":false},{"test_type":"NeedBasicAirFactory"},{"test_type":"CanAffordPotentialDrain","string0":"BasicAirFactory"},{"test_type":"HaveEcoForAdvanced","boolean":false},{"test_type":"UnitCountOnPlanet","unit_type_string0":"Fabber & Basic","compare0":">=","value0":5},{"test_type":"CanFindPlaceToBuild","string0":"BasicAirFactory"}],[{"test_type":"AloneOnPlanet","boolean":false},{"test_type":"NeedBasicAirFactory"},{"test_type":"CanAffordPotentialDrain","string0":"BasicAirFactory"},{"test_type":"HaveEcoForAdvanced","boolean":true},{"test_type":"UnitRatioOnPlanet","unit_type_string0":"Factory & Basic - Orbital - NukeDefense - Nuke","unit_type_string1":"Factory & Advanced - Orbital - NukeDefense - Nuke","compare0":"<","value0":5},{"test_type":"UnitRatioOnPlanet","unit_type_string0":"Factory & Basic - Orbital - NukeDefense - Nuke","unit_type_string1":"Fabber & Basic","compare0":"<=","value0":0.5},{"test_type":"CanFindPlaceToBuild","string0":"BasicAirFactory"}],[{"test_type":"AloneOnPlanet","boolean":false},{"test_type":"NeedBasicAirFactory"},{"test_type":"CanAffordPotentialDrain","string0":"BasicAirFactory"},{"test_type":"HaveEcoForAdvanced","boolean":true},{"test_type":"UnitRatioOnPlanet","unit_type_string0":"Factory & Basic - Orbital - NukeDefense - Nuke","unit_type_string1":"Factory & Advanced - Orbital - NukeDefense - Nuke","compare0":"<","value0":5},{"test_type":"UnitCountOnPlanet","unit_type_string0":"Fabber & Basic","compare0":">=","value0":5},{"test_type":"CanFindPlaceToBuild","string0":"BasicAirFactory"}],[{"test_type":"AloneOnPlanet","boolean":true},{"test_type":"NeedBasicAirFactory"},{"test_type":"CanAffordPotentialDrain","string0":"BasicAirFactory"},{"test_type":"UnitCountOnPlanet","unit_type_string0":"Factory & Basic - Orbital - NukeDefense - Nuke","compare0":"<","value0":3},{"test_type":"HaveEcoForAdvanced","boolean":false},{"test_type":"CanFindPlaceToBuild","string0":"BasicAirFactory"}],[{"test_type":"AloneOnPlanet","boolean":true},{"test_type":"NeedBasicAirFactory"},{"test_type":"CanAffordPotentialDrain","string0":"BasicAirFactory"},{"test_type":"UnitCountOnPlanet","unit_type_string0":"Factory & Basic - Orbital - NukeDefense - Nuke","compare0":"<","value0":1},{"test_type":"CanFindPlaceToBuild","string0":"BasicAirFactory"}]],"placement_rules":{"buffer":15,"threat":{"influence_type":"AntiSurface","compare_type":"<","radius":10,"value":50}}},{"name":"Advanced Air Factory","to_build":"AdvancedAirFactory","instance_count":1,"shared_instance_count":"AdvancedFactory","priority":477,"min_num_assisters":3,"max_num_assisters":5,"builders":["BasicAirFabber","AdvancedAirFabber"],"build_conditions":[[{"test_type":"AloneOnPlanet","boolean":false},{"test_type":"NeedAdvancedAirFactory"},{"test_type":"CanAffordPotentialDrain","string0":"AdvancedAirFactory"},{"test_type":"HaveEcoForAdvanced","boolean":true},{"test_type":"UnitRatioOnPlanet","unit_type_string0":"Factory & Advanced - Orbital - NukeDefense - Nuke","unit_type_string1":"Fabber & Advanced","compare0":"<=","value0":0.5},{"test_type":"CanFindPlaceToBuild","string0":"AdvancedAirFactory"}],[{"test_type":"AloneOnPlanet","boolean":false},{"test_type":"NeedAdvancedAirFactory"},{"test_type":"CanAffordPotentialDrain","string0":"AdvancedAirFactory"},{"test_type":"HaveEcoForAdvanced","boolean":true},{"test_type":"UnitCountOnPlanet","unit_type_string0":"Fabber & Advanced","compare0":">=","value0":3},{"test_type":"CanFindPlaceToBuild","string0":"AdvancedAirFactory"}],[{"test_type":"AloneOnPlanet","boolean":true},{"test_type":"NeedAdvancedAirFactory"},{"test_type":"CanAffordPotentialDrain","string0":"AdvancedAirFactory"},{"test_type":"UnitCountOnPlanet","unit_type_string0":"Factory & Advanced - Orbital - NukeDefense - Nuke","compare0":"<","value0":3},{"test_type":"HaveEcoForAdvanced","boolean":true},{"test_type":"CanFindPlaceToBuild","string0":"AdvancedAirFactory"}]],"placement_rules":{"buffer":15,"threat":{"influence_type":"AntiSurface","compare_type":"<","radius":10,"value":50}}}]}