{"build_list":[{"name":"Basic Naval Factory","to_build":"BasicNavalFactory","instance_count":1,"shared_instance_count":"BasicFactory","priority":376,"max_num_assisters":3,"builders":["Commander","BasicAirFabber","AdvancedAirFabber","BasicNavalFabber","AdvancedNavalFabber"],"build_conditions":[[{"test_type":"AloneOnPlanet","boolean":false},{"test_type":"NeedBasicNavalFactory"},{"test_type":"CanAffordPotentialDrain","string0":"BasicNavalFactory"},{"test_type":"HaveEcoForAdvanced","boolean":false},{"test_type":"UnitRatioOnPlanet","unit_type_string0":"Factory & Basic - Orbital - NukeDefense - Nuke","unit_type_string1":"Fabber & Basic","compare0":"<","value0":0.4},{"test_type":"CanFindPlaceToBuild","string0":"BasicNavalFactory"}],[{"test_type":"AloneOnPlanet","boolean":false},{"test_type":"NeedBasicNavalFactory"},{"test_type":"CanAffordPotentialDrain","string0":"BasicNavalFactory"},{"test_type":"HaveEcoForAdvanced","boolean":false},{"test_type":"UnitCountOnPlanet","unit_type_string0":"Fabber & Basic","compare0":">=","value0":5},{"test_type":"CanFindPlaceToBuild","string0":"BasicNavalFactory"}],[{"test_type":"AloneOnPlanet","boolean":false},{"test_type":"NeedBasicNavalFactory"},{"test_type":"CanAffordPotentialDrain","string0":"BasicNavalFactory"},{"test_type":"HaveEcoForAdvanced","boolean":true},{"test_type":"UnitRatioOnPlanet","unit_type_string0":"Factory & Basic - Orbital - NukeDefense - Nuke","unit_type_string1":"Factory & Advanced - Orbital - NukeDefense - Nuke","compare0":"<","value0":5},{"test_type":"UnitRatioOnPlanet","unit_type_string0":"Factory & Basic - Orbital - NukeDefense - Nuke","unit_type_string1":"Fabber & Basic","compare0":"<","value0":0.4},{"test_type":"CanFindPlaceToBuild","string0":"BasicNavalFactory"}],[{"test_type":"AloneOnPlanet","boolean":false},{"test_type":"NeedBasicNavalFactory"},{"test_type":"CanAffordPotentialDrain","string0":"BasicNavalFactory"},{"test_type":"HaveEcoForAdvanced","boolean":true},{"test_type":"UnitRatioOnPlanet","unit_type_string0":"Factory & Basic - Orbital - NukeDefense - Nuke","unit_type_string1":"Factory & Advanced - Orbital - NukeDefense - Nuke","compare0":"<","value0":5},{"test_type":"UnitCountOnPlanet","unit_type_string0":"Fabber & Basic","compare0":">=","value0":5},{"test_type":"CanFindPlaceToBuild","string0":"BasicNavalFactory"}],[{"test_type":"AloneOnPlanet","boolean":true},{"test_type":"NeedBasicNavalFactory"},{"test_type":"CanAffordPotentialDrain","string0":"BasicNavalFactory"},{"test_type":"UnitCountOnPlanet","unit_type_string0":"Factory & Basic - Orbital - NukeDefense - Nuke","compare0":"<","value0":3},{"test_type":"HaveEcoForAdvanced","boolean":false},{"test_type":"CanFindPlaceToBuild","string0":"BasicNavalFactory"}],[{"test_type":"AloneOnPlanet","boolean":true},{"test_type":"NeedBasicNavalFactory"},{"test_type":"CanAffordPotentialDrain","string0":"BasicNavalFactory"},{"test_type":"UnitCountOnPlanet","unit_type_string0":"Factory & Basic - Orbital - NukeDefense - Nuke","compare0":"<","value0":1},{"test_type":"CanFindPlaceToBuild","string0":"BasicNavalFactory"}]],"placement_rules":{"buffer":15,"threat":{"influence_type":"AntiSurface","compare_type":"<","radius":10,"value":50}}},{"name":"Advanced Naval Factory","to_build":"AdvancedNavalFactory","instance_count":1,"shared_instance_count":"AdvancedFactory","priority":477,"min_num_assisters":3,"max_num_assisters":5,"builders":["BasicNavalFabber","AdvancedNavalFabber"],"build_conditions":[[{"test_type":"AloneOnPlanet","boolean":false},{"test_type":"NeedAdvancedNavalFactory"},{"test_type":"CanAffordPotentialDrain","string0":"AdvancedNavalFactory"},{"test_type":"HaveEcoForAdvanced","boolean":true},{"test_type":"UnitRatioOnPlanet","unit_type_string0":"Factory & Advanced - Orbital - NukeDefense - Nuke","unit_type_string1":"Fabber & Advanced","compare0":"<","value0":0.4},{"test_type":"CanFindPlaceToBuild","string0":"AdvancedNavalFactory"}],[{"test_type":"AloneOnPlanet","boolean":false},{"test_type":"NeedAdvancedNavalFactory"},{"test_type":"CanAffordPotentialDrain","string0":"AdvancedNavalFactory"},{"test_type":"HaveEcoForAdvanced","boolean":true},{"test_type":"UnitCountOnPlanet","unit_type_string0":"Fabber & Advanced","compare0":">=","value0":3},{"test_type":"CanFindPlaceToBuild","string0":"AdvancedNavalFactory"}],[{"test_type":"AloneOnPlanet","boolean":true},{"test_type":"NeedAdvancedNavalFactory"},{"test_type":"CanAffordPotentialDrain","string0":"AdvancedNavalFactory"},{"test_type":"UnitCountOnPlanet","unit_type_string0":"Factory & Advanced - Orbital - NukeDefense - Nuke","compare0":"<","value0":3},{"test_type":"HaveEcoForAdvanced","boolean":true},{"test_type":"CanFindPlaceToBuild","string0":"AdvancedNavalFactory"}]],"placement_rules":{"buffer":15,"threat":{"influence_type":"AntiSurface","compare_type":"<","radius":10,"value":50}}}]}