{"build_list":[{"name":"Fabber Assist","instance_count":-1,"priority":1,"builders":["Commander","AnyBasicFabber","AnyAdvancedFabber","OrbitalFabber"],"build_conditions":[[{"test_type":"OnTaskType","string0":"BuilderAssist","boolean":false}]],"task_type":"BuilderAssist"},{"name":"Teleporter - Need Land","to_build":"Teleporter","instance_count":1,"shared_instance_count":"Teleporter","priority":480,"min_num_assisters":3,"max_num_assisters":5,"builders":["Commander","AnyBasicFabber","AnyAdvancedFabber","OrbitalFabber"],"build_conditions":[[{"test_type":"ThisPlanetNeedsLandUnitAssistance","boolean":true},{"test_type":"OtherPlanetCanProvideLandUnitAssistance","boolean":true},{"test_type":"UnitCountOnPlanet","unit_type_string0":"Structure & Teleporter","compare0":"<","value0":1}],[{"test_type":"OtherPlanetNeedsLandUnitAssistance","boolean":true},{"test_type":"PlanetThreatRatio","string0":"Land","string1":"Land","compare0":"<","value0":0.8},{"test_type":"UnitCountOnPlanet","unit_type_string0":"Structure & Teleporter","compare0":"<","value0":1}],[{"test_type":"WantCommanderOffPlanet","boolean":true},{"test_type":"PresenceOnOtherPlanet","boolean":true},{"test_type":"UnitCountOnPlanet","unit_type_string0":"Structure & Teleporter","compare0":"<","value0":1}]],"placement_rules":{"buffer":6,"placement_type":"FromBaseCenter","threat":{"influence_type":"AntiSurface","compare_type":"<","radius":10,"value":50}}},{"name":"Teleport Fabber To Planet","instance_count":1,"priority":801,"builders":["BasicBotFabber","BasicVehicleFabber","AdvancedBotFabber","AdvancedVehicleFabber"],"build_conditions":[[{"test_type":"PlanetWithoutPresenceWithTeleporter","boolean":true},{"test_type":"UnitCountOnPlanet","unit_type_string0":"Structure & Teleporter","compare0":">","value0":0},{"test_type":"UnitCountOnPlanet","unit_type_string0":"Fabber - Air","compare0":">=","value0":2}]],"task_type":"TeleportFabberToPlanet"}]}