{"build_list":[{"name":"Orbital Launcher","to_build":"OrbitalLauncher","instance_count":1,"shared_instance_count":"OrbitalLauncher","priority":479,"max_num_assisters":3,"builders":["AnyBasicFabber","AnyAdvancedFabber"],"build_conditions":[[{"test_type":"CanAffordPotentialDrain","string0":"OrbitalLauncher"},{"test_type":"WantCommanderOffPlanet","boolean":false},{"test_type":"NeedOrbitalLauncher"},{"test_type":"UnitCountOnPlanet","unit_type_string0":"(Factory & Advanced) - Orbital - Nuke - NukeDefense","compare0":">=","value0":1},{"test_type":"CanFindPlaceToBuild","string0":"OrbitalLauncher"}],[{"test_type":"CanAffordPotentialDrain","string0":"OrbitalLauncher"},{"test_type":"PlanetWithoutPresence","boolean":true},{"test_type":"NeedOrbitalLauncher"},{"test_type":"UnitCountOnPlanet","unit_type_string0":"Factory - Orbital - Nuke - NukeDefense","compare0":">=","value0":2},{"test_type":"CanFindPlaceToBuild","string0":"OrbitalLauncher"}]],"placement_rules":{"buffer":5}},{"name":"Orbital Launcher - Rush","to_build":"OrbitalLauncher","instance_count":1,"shared_instance_count":"OrbitalLauncher","min_num_assisters":3,"max_num_assisters":5,"priority":479,"builders":["AnyBasicFabber","AnyAdvancedFabber"],"build_conditions":[[{"test_type":"CanAffordPotentialDrain","string0":"OrbitalLauncher"},{"test_type":"WantCommanderOffPlanet","boolean":true},{"test_type":"NeedOrbitalLauncher"},{"test_type":"UnitCountOnPlanet","unit_type_string0":"Factory - Orbital - Nuke - NukeDefense","compare0":">=","value0":2},{"test_type":"UnitCountOnPlanet","unit_type_string0":"Orbital & Factory & Land","compare0":"<","value0":1},{"test_type":"CanFindPlaceToBuild","string0":"OrbitalLauncher"}]],"placement_rules":{"buffer":5}},{"name":"Orbital Factory","to_build":"OrbitalFactory","instance_count":1,"priority":479,"max_num_assisters":3,"builders":["OrbitalFabber"],"build_conditions":[[{"test_type":"CanAffordPotentialDrain","string0":"OrbitalFactory"},{"test_type":"NeedOrbitalFactory"},{"test_type":"CanFindPlaceToBuild","string0":"OrbitalFactory"}]],"placement_rules":{"buffer":5}},{"name":"Defense Satellite","to_build":"DefenseSatellite","instance_count":1,"priority":196,"builders":["OrbitalFabber"],"build_conditions":[[{"test_type":"CanAffordBuildDemand"},{"test_type":"SystemThreat","string0":"Orbital","compare0":">","value0":0},{"test_type":"UnitCountInBase","unit_type_string0":"Orbital & OrbitalDefense","compare0":"<","value0":4},{"test_type":"UnitCountInBase","unit_type_string0":"Structure & ((EnergyProduction & Advanced) | Factory)","compare0":">=","value0":3},{"test_type":"CanFindPlaceToBuild","string0":"DefenseSatellite"}]],"placement_rules":{"placement_type":"FromMainBaseCenter","unit_count_rules":[{"unit_type_string":"Orbital & (EnergyProduction | Recon)","alliance":"Ally","compare_type":">=","range":50,"count":1},{"unit_type_string":"Orbital & OrbitalDefense","alliance":"Ally","compare_type":"<","range":20,"count":1}]}},{"name":"Delta V Engine","to_build":"PlanetEngine","instance_count":1,"min_num_assisters":8,"max_num_assisters":45,"priority":515,"builders":["AnyAdvancedFabber"],"build_conditions":[[{"test_type":"AloneOnPlanet","boolean":true},{"test_type":"CanAffordBuildDemand"},{"test_type":"UnitCountOnPlanet","unit_type_string0":"Factory - Orbital","compare0":">=","value0":1},{"test_type":"PlanetCanBeUsedAsWeapon","boolean":true},{"test_type":"HaveThrustToMovePlanet","boolean":false},{"test_type":"CanFindPlaceToBuild","string0":"PlanetEngine"}]],"placement_rules":{"buffer":5}},{"name":"Move Fabber To Planet","instance_count":1,"priority":800,"builders":["BasicBotFabber","BasicVehicleFabber","BasicAirFabber","AdvancedBotFabber","AdvancedVehicleFabber","AdvancedAirFabber"],"build_conditions":[[{"test_type":"PlanetWithoutPresence","boolean":true},{"test_type":"WantCommanderOffPlanet","boolean":false},{"test_type":"UnitCountOnPlanet","unit_type_string0":"Fabber","compare0":">=","value0":2},{"test_type":"UnitPoolCount","unit_type_string0":"Orbital & Transport","compare0":">=","value0":1}]],"task_type":"TransportToPlanet"}]}