{"build_list":[{"name":"Basic Bot Factory","to_build":"BasicBotFactory","instance_count":1,"shared_instance_count":"BasicFactory","priority":376,"min_num_assisters":3,"max_num_assisters":5,"builders":["Commander","AnyBasicFabber","AnyAdvancedFabber"],"build_conditions":[[{"test_type":"AloneOnPlanet","boolean":false},{"test_type":"NeedBasicLandFactory"},{"test_type":"CanAffordPotentialDrain","string0":"BasicBotFactory"},{"test_type":"HaveEcoForAdvanced","boolean":false},{"test_type":"UnitRatioOnPlanet","unit_type_string0":"Factory & Basic - Orbital - NukeDefense - Nuke","unit_type_string1":"Fabber & Basic","compare0":"<=","value0":0.5},{"test_type":"CanFindPlaceToBuild","string0":"BasicBotFactory"}],[{"test_type":"AloneOnPlanet","boolean":false},{"test_type":"NeedBasicLandFactory"},{"test_type":"CanAffordPotentialDrain","string0":"BasicBotFactory"},{"test_type":"HaveEcoForAdvanced","boolean":false},{"test_type":"UnitCountOnPlanet","unit_type_string0":"Fabber & Basic","compare0":">=","value0":5},{"test_type":"CanFindPlaceToBuild","string0":"BasicBotFactory"}],[{"test_type":"AloneOnPlanet","boolean":false},{"test_type":"NeedBasicLandFactory"},{"test_type":"CanAffordPotentialDrain","string0":"BasicBotFactory"},{"test_type":"HaveEcoForAdvanced","boolean":true},{"test_type":"UnitRatioOnPlanet","unit_type_string0":"Factory & Basic - Orbital - NukeDefense - Nuke","unit_type_string1":"Factory & Advanced - Orbital - NukeDefense - Nuke","compare0":"<","value0":5},{"test_type":"UnitRatioOnPlanet","unit_type_string0":"Factory & Basic - Orbital - NukeDefense - Nuke","unit_type_string1":"Fabber & Basic","compare0":"<=","value0":0.5},{"test_type":"CanFindPlaceToBuild","string0":"BasicBotFactory"}],[{"test_type":"AloneOnPlanet","boolean":false},{"test_type":"NeedBasicLandFactory"},{"test_type":"CanAffordPotentialDrain","string0":"BasicBotFactory"},{"test_type":"HaveEcoForAdvanced","boolean":true},{"test_type":"UnitRatioOnPlanet","unit_type_string0":"Factory & Basic - Orbital - NukeDefense - Nuke","unit_type_string1":"Factory & Advanced - Orbital - NukeDefense - Nuke","compare0":"<","value0":5},{"test_type":"UnitCountOnPlanet","unit_type_string0":"Fabber & Basic","compare0":">=","value0":5},{"test_type":"CanFindPlaceToBuild","string0":"BasicBotFactory"}],[{"test_type":"AloneOnPlanet","boolean":true},{"test_type":"NeedBasicLandFactory"},{"test_type":"CanAffordPotentialDrain","string0":"BasicBotFactory"},{"test_type":"UnitCountOnPlanet","unit_type_string0":"Factory & Basic - Orbital - NukeDefense - Nuke","compare0":"<","value0":3},{"test_type":"HaveEcoForAdvanced","boolean":false},{"test_type":"CanFindPlaceToBuild","string0":"BasicBotFactory"}],[{"test_type":"AloneOnPlanet","boolean":true},{"test_type":"NeedBasicLandFactory"},{"test_type":"CanAffordPotentialDrain","string0":"BasicBotFactory"},{"test_type":"UnitCountOnPlanet","unit_type_string0":"Factory & Basic - Orbital - NukeDefense - Nuke","compare0":"<","value0":1},{"test_type":"CanFindPlaceToBuild","string0":"BasicBotFactory"}]],"placement_rules":{"buffer":15,"threat":{"influence_type":"AntiSurface","compare_type":"<","radius":10,"value":50}}},{"name":"Basic Vehicle Factory","to_build":"BasicVehicleFactory","instance_count":1,"shared_instance_count":"BasicFactory","priority":376,"min_num_assisters":3,"max_num_assisters":5,"builders":["Commander","AnyBasicFabber","AnyAdvancedFabber"],"build_conditions":[[{"test_type":"AloneOnPlanet","boolean":false},{"test_type":"NeedBasicLandFactory"},{"test_type":"CanAffordPotentialDrain","string0":"BasicVehicleFactory"},{"test_type":"HaveEcoForAdvanced","boolean":false},{"test_type":"UnitRatioOnPlanet","unit_type_string0":"Factory & Basic - Orbital - NukeDefense - Nuke","unit_type_string1":"Fabber & Basic","compare0":"<=","value0":0.5},{"test_type":"CanFindPlaceToBuild","string0":"BasicVehicleFactory"}],[{"test_type":"AloneOnPlanet","boolean":false},{"test_type":"NeedBasicLandFactory"},{"test_type":"CanAffordPotentialDrain","string0":"BasicVehicleFactory"},{"test_type":"HaveEcoForAdvanced","boolean":false},{"test_type":"UnitCountOnPlanet","unit_type_string0":"Fabber & Basic","compare0":">=","value0":5},{"test_type":"CanFindPlaceToBuild","string0":"BasicVehicleFactory"}],[{"test_type":"AloneOnPlanet","boolean":false},{"test_type":"NeedBasicLandFactory"},{"test_type":"CanAffordPotentialDrain","string0":"BasicVehicleFactory"},{"test_type":"HaveEcoForAdvanced","boolean":true},{"test_type":"UnitRatioOnPlanet","unit_type_string0":"Factory & Basic - Orbital - NukeDefense - Nuke","unit_type_string1":"Factory & Advanced - Orbital - NukeDefense - Nuke","compare0":"<","value0":5},{"test_type":"UnitRatioOnPlanet","unit_type_string0":"Factory & Basic - Orbital - NukeDefense - Nuke","unit_type_string1":"Fabber & Basic","compare0":"<=","value0":0.5},{"test_type":"CanFindPlaceToBuild","string0":"BasicVehicleFactory"}],[{"test_type":"AloneOnPlanet","boolean":false},{"test_type":"NeedBasicLandFactory"},{"test_type":"CanAffordPotentialDrain","string0":"BasicVehicleFactory"},{"test_type":"HaveEcoForAdvanced","boolean":true},{"test_type":"UnitRatioOnPlanet","unit_type_string0":"Factory & Basic - Orbital - NukeDefense - Nuke","unit_type_string1":"Factory & Advanced - Orbital - NukeDefense - Nuke","compare0":"<","value0":5},{"test_type":"UnitCountOnPlanet","unit_type_string0":"Fabber & Basic","compare0":">=","value0":5},{"test_type":"CanFindPlaceToBuild","string0":"BasicVehicleFactory"}],[{"test_type":"AloneOnPlanet","boolean":true},{"test_type":"NeedBasicLandFactory"},{"test_type":"CanAffordPotentialDrain","string0":"BasicVehicleFactory"},{"test_type":"UnitCountOnPlanet","unit_type_string0":"Factory & Basic - Orbital - NukeDefense - Nuke","compare0":"<","value0":3},{"test_type":"HaveEcoForAdvanced","boolean":false},{"test_type":"CanFindPlaceToBuild","string0":"BasicVehicleFactory"}],[{"test_type":"AloneOnPlanet","boolean":true},{"test_type":"NeedBasicLandFactory"},{"test_type":"CanAffordPotentialDrain","string0":"BasicVehicleFactory"},{"test_type":"UnitCountOnPlanet","unit_type_string0":"Factory & Basic - Orbital - NukeDefense - Nuke","compare0":"<","value0":1},{"test_type":"CanFindPlaceToBuild","string0":"BasicVehicleFactory"}]],"placement_rules":{"buffer":15,"threat":{"influence_type":"AntiSurface","compare_type":"<","radius":10,"value":50}}},{"name":"Advanced Bot Factory","to_build":"AdvancedBotFactory","instance_count":1,"shared_instance_count":"AdvancedFactory","priority":477,"min_num_assisters":3,"max_num_assisters":5,"builders":["BasicBotFabber","AdvancedBotFabber"],"build_conditions":[[{"test_type":"AloneOnPlanet","boolean":false},{"test_type":"NeedAdvancedLandFactory"},{"test_type":"CanAffordPotentialDrain","string0":"AdvancedBotFactory"},{"test_type":"HaveEcoForAdvanced","boolean":true},{"test_type":"UnitRatioOnPlanet","unit_type_string0":"Factory & Advanced - Orbital - NukeDefense - Nuke","unit_type_string1":"Fabber & Advanced","compare0":"<=","value0":0.5},{"test_type":"CanFindPlaceToBuild","string0":"AdvancedBotFactory"}],[{"test_type":"AloneOnPlanet","boolean":false},{"test_type":"NeedAdvancedLandFactory"},{"test_type":"CanAffordPotentialDrain","string0":"AdvancedBotFactory"},{"test_type":"HaveEcoForAdvanced","boolean":true},{"test_type":"UnitCountOnPlanet","unit_type_string0":"Fabber & Advanced","compare0":">=","value0":3},{"test_type":"CanFindPlaceToBuild","string0":"AdvancedBotFactory"}],[{"test_type":"AloneOnPlanet","boolean":true},{"test_type":"NeedAdvancedLandFactory"},{"test_type":"CanAffordPotentialDrain","string0":"AdvancedBotFactory"},{"test_type":"UnitCountOnPlanet","unit_type_string0":"Factory & Advanced - Orbital - NukeDefense - Nuke","compare0":"<","value0":3},{"test_type":"HaveEcoForAdvanced","boolean":true},{"test_type":"CanFindPlaceToBuild","string0":"AdvancedBotFactory"}]],"placement_rules":{"buffer":15,"threat":{"influence_type":"AntiSurface","compare_type":"<","radius":10,"value":50}}},{"name":"Advanced Vehicle Factory","to_build":"AdvancedVehicleFactory","instance_count":1,"shared_instance_count":"AdvancedFactory","priority":477,"min_num_assisters":3,"max_num_assisters":5,"builders":["BasicVehicleFabber","AdvancedVehicleFabber"],"build_conditions":[[{"test_type":"AloneOnPlanet","boolean":false},{"test_type":"NeedAdvancedLandFactory"},{"test_type":"CanAffordPotentialDrain","string0":"AdvancedVehicleFactory"},{"test_type":"HaveEcoForAdvanced","boolean":true},{"test_type":"UnitRatioOnPlanet","unit_type_string0":"Factory & Advanced - Orbital - NukeDefense - Nuke","unit_type_string1":"Fabber & Advanced","compare0":"<=","value0":0.5},{"test_type":"CanFindPlaceToBuild","string0":"AdvancedVehicleFactory"}],[{"test_type":"AloneOnPlanet","boolean":false},{"test_type":"NeedAdvancedLandFactory"},{"test_type":"CanAffordPotentialDrain","string0":"AdvancedVehicleFactory"},{"test_type":"HaveEcoForAdvanced","boolean":true},{"test_type":"UnitCountOnPlanet","unit_type_string0":"Fabber & Advanced","compare0":">=","value0":3},{"test_type":"CanFindPlaceToBuild","string0":"AdvancedVehicleFactory"}],[{"test_type":"AloneOnPlanet","boolean":true},{"test_type":"NeedAdvancedLandFactory"},{"test_type":"CanAffordPotentialDrain","string0":"AdvancedVehicleFactory"},{"test_type":"UnitCountOnPlanet","unit_type_string0":"Factory & Advanced - Orbital - NukeDefense - Nuke","compare0":"<","value0":3},{"test_type":"HaveEcoForAdvanced","boolean":true},{"test_type":"CanFindPlaceToBuild","string0":"AdvancedVehicleFactory"}]],"placement_rules":{"buffer":15,"threat":{"influence_type":"AntiSurface","compare_type":"<","radius":10,"value":50}}}]}