{
  "base_spec": "/pa/units/land/base_structure/base_structure.json",
  "display_name": "Umbrella",
  "description": "Anti-Orbital Suppression Cannon: A low-damage Ion Cannon. Weak vs Heavy & Swarm",
  "display_group": 20,
  "display_index": 95,
  "max_health": 800,
  "build_metal_cost": 300,
  "spawn_layers": "WL_AnyHorizontalGroundOrWaterSurface",
  "area_build_type": "Sphere",
  "area_build_separation": 75,
  "show_in_orbital_layer": false,
  "unit_types": [
    "UNITTYPE_Structure",
    "UNITTYPE_Basic",
    "UNITTYPE_CmdBuild",
    "UNITTYPE_Defense",
    "UNITTYPE_OrbitalDefense",
    "UNITTYPE_FabBuild",
    "UNITTYPE_FabAdvBuild"
  ],
  "command_caps": [
    "ORDER_Attack"
  ],
  "guard_radius": 200,
  "guard_layer": "WL_Orbital",
  "recon": {
    "observer": {
      "items": [
        {
          "layer": "surface_and_air",
          "channel": "sight",
          "shape": "capsule",
          "radius": 100
        },
        {
          "layer": "orbital",
          "channel": "sight",
          "shape": "capsule",
          "radius": 200
        }
      ]
    }
  },
  "model": [
    {
      "layer": "WL_LandHorizontal",
      "filename": "/pa/units/orbital/ion_defense/ion_defense.papa",
      "animtree": "/pa/anim/anim_trees/ion_defense_anim_tree.json",
      "skirt_decal": "/pa/effects/specs/skirt_ion_defense.json"
    },
    {
      "layer": "WL_WaterSurface",
      "filename": "/pa/units/orbital/ion_defense/ion_defense.papa",
      "animtree": "/pa/anim/anim_trees/ion_defense_anim_tree.json"
    }
  ],
  "tools": [
    {
      "spec_id": "/pa/units/orbital/ion_defense/ion_defense_tool_weapon.json",
      "aim_bone": "bone_turret",
      "muzzle_bone": [
        "socket_muzzle"
      ]
    }
  ],
  "events": {
    "build_complete": {
      "audio_cue": "/SE/Build_Complete/structure_small"
    },
    "died": {
      "audio_cue": "/SE/Death/structure_small",
      "effect_scale": 1.3
    },
    "fired": {
      "audio_cue": "/SE/Weapons/structure/laser_defence_fire",
      "effect_spec": "/pa/units/orbital/ion_defense/ion_defense_muzzle_flash.pfx socket_muzzle"
    }
  },
  "lamps": [
    {
      "offset": [
        -8,
        8,
        4.22
      ],
      "radius": 5,
      "color": [
        1,
        1,
        1
      ],
      "intensity": 5.75
    },
    {
      "offset": [
        2.8,
        -4.8,
        0
      ],
      "radius": 8,
      "color": [
        1,
        1,
        1
      ],
      "intensity": 2,
      "bone": "bone_pitch"
    },
    {
      "offset": [
        -2.8,
        -4.8,
        0
      ],
      "radius": 8,
      "color": [
        1,
        1,
        1
      ],
      "intensity": 2,
      "bone": "bone_pitch"
    }
  ],
  "mesh_bounds": [
    20,
    20.6558,
    35.0541
  ],
  "TEMP_texelinfo": 32.1806,
  "physics": {
    "collision_layers": "WL_AnyHorizontalGroundOrWaterSurface"
  }
}