{
	"base_spec": "/pa/units/land/base_structure/base_structure.json",
	"display_name": "Energy Storage",
	"description": "Energy: Increases maximum energy storage capacity",
	"display_group": 80,
	"display_index": 30,
	"max_health": 2500,
	"build_metal_cost": 500,
	"atrophy_rate": 50.0,
	"atrophy_cool_down": 30.0,
	"spawn_layers": "WL_AnyHorizontalGroundOrWaterSurface",
	"area_build_type": "Sphere",
	"storage": {
		"energy": 10000
	},
	"unit_types": ["UNITTYPE_Structure",
	"UNITTYPE_Basic",
	"UNITTYPE_CmdBuild",
	"UNITTYPE_FabBuild",
	"UNITTYPE_FabAdvBuild",
	"UNITTYPE_Economy"],
	"recon": {
		"observer": {
			"items": [{
				"layer": "surface_and_air",
				"channel": "sight",
				"shape": "capsule",
				"radius": 100
			}]
		}
	},
	"model": [{
		"layer": "WL_LandHorizontal",
		"filename": "/pa/units/land/energy_storage/energy_storage.papa",
		"skirt_decal": "/pa/effects/specs/skirt_energy_adv.json"
	},
	{
		"layer": "WL_WaterSurface",
		"filename": "/pa/units/sea/sea_energy_storage/sea_energy_storage.papa"
	}],
	"events": {
		"build_complete": {
			"audio_cue": "/SE/Build_Complete/energy"
		},
		"died": {
			"audio_cue": "/SE/Death/Factory",
			"effect_scale": 0.5
		}
	},
	"headlights": [{
		"gobo": "/pa/effects/textures/gobo/spotlight_gobo.papa",
		"offset": [6.2,
		6.2,
		8.6],
		"orientation": [26.33,
		-23.93,
		-50.68],
		"near_width": 5.5,
		"near_height": 5.5,
		"near_distance": 2.5,
		"far_distance": 25.0,
		"color": [1.0,
		1.0,
		1.0],
		"intensity": 1.0
	},
	{
		"gobo": "/pa/effects/textures/gobo/spotlight_gobo.papa",
		"offset": [-6.2,
		6.2,
		8.6],
		"orientation": [-26.34,
		-23.93,
		50.67],
		"near_width": 5.5,
		"near_height": 5.5,
		"near_distance": 2.5,
		"far_distance": 25.0,
		"color": [1.0,
		1.0,
		1.0],
		"intensity": 1.0
	},
	{
		"gobo": "/pa/effects/textures/gobo/spotlight_gobo.papa",
		"offset": [6.2,
		-6.2,
		8.6],
		"orientation": [26.33,
		23.92,
		-129.32],
		"near_width": 5.5,
		"near_height": 5.5,
		"near_distance": 2.5,
		"far_distance": 25.0,
		"color": [1.0,
		1.0,
		1.0],
		"intensity": 1.0
	},
	{
		"gobo": "/pa/effects/textures/gobo/spotlight_gobo.papa",
		"offset": [-6.2,
		-6.2,
		8.6],
		"orientation": [-26.34,
		23.92,
		129.31],
		"near_width": 5.5,
		"near_height": 5.5,
		"near_distance": 2.5,
		"far_distance": 25.0,
		"color": [1.0,
		1.0,
		1.0],
		"intensity": 1.0
	}],
	"lamps": [{
		"offset": [6.2,
		6.2,
		8.6],
		"radius": 3.0,
		"color": [1.0,
		1.0,
		1.0],
		"intensity": 1.0
	},
	{
		"offset": [-6.2,
		6.2,
		8.6],
		"radius": 3.0,
		"color": [1.0,
		1.0,
		1.0],
		"intensity": 1.0
	},
	{
		"offset": [6.2,
		-6.2,
		8.6],
		"radius": 3.0,
		"color": [1.0,
		1.0,
		1.0],
		"intensity": 1.0
	},
	{
		"offset": [-6.2,
		-6.2,
		8.6],
		"radius": 3.0,
		"color": [1.0,
		1.0,
		1.0],
		"intensity": 1.0
	}],
	"mesh_bounds": [20,
	20,
	15.1778],
	"TEMP_texelinfo": 26.4567
}