{
  "base_spec": "/pa/units/land/base_structure/base_structure.json",
  "display_name": "Wall",
  "description": "Heavy Suppression Unit: Multifunction terrain obstruction & area denial system. Weak vs Heavy-Hitter & Flanker",
  "display_group": 20,
  "display_index": 30,
  "max_health": 1000,
  "build_metal_cost": 15,
  "atrophy_rate": 3000,
  "atrophy_cool_down": 1,
  "wreckage_health_frac": 0,
  "spawn_layers": "WL_AnyHorizontalGroundOrWaterSurface",
  "mesh_bounds": [
    5,
    5,
    10
  ],
  "placement_size": [
    4,
    4
  ],
  "area_build_separation": 0.5,
  "unit_types": [
    "UNITTYPE_Structure",
    "UNITTYPE_Basic",
    "UNITTYPE_Wall",
    "UNITTYPE_FabBuild",
    "UNITTYPE_FabAdvBuild",
    "UNITTYPE_CmdBuild"
  ],
  "physics": {
    "type": "Structure",
    "shape": "Box",
    "collision_layers": "WL_AnyHorizontalGroundOrWaterSurface",
    "radius": 1,
    "push_class": 200,
    "air_friction": 1,
    "allow_pushing": true,
    "push_sideways": true,
    "allow_underground": false,
    "ignore_collisions": false
  },
  "recon": {
    "observer": {
      "items": [
        {
          "layer": "surface_and_air",
          "channel": "sight",
          "shape": "capsule",
          "radius": 1
        }
      ]
    }
  },
  "model": [
    {
      "layer": "WL_LandHorizontal",
      "filename": "/pa/units/land/land_barrier/land_barrier.papa"
    },
    {
      "layer": "WL_WaterSurface",
      "filename": "/pa/units/sea/sea_barrier/sea_barrier.papa"
    }
  ],
  "events": {
    "build_complete": {
      "audio_cue": "/SE/Build_Complete/barrier"
    },
    "died": {
      "audio_cue": "/SE/Death/barrier",
      "effect_scale": 0.4
    }
  },
  "TEMP_texelinfo": 7.58193
}