{
  "base_spec": "/pa/tools/base_shell_turret/base_shell_turret.json",
  "ammo_id": "/pa/units/land/bot_sniper/bot_sniper_ammo.json",
  "rate_of_fire": 1,
  "idle_aim_delay": 3,
  "max_range": 220,
  "ammo_source": "energy",
  "ammo_capacity": 5000,
  "ammo_demand": 750,
  "ammo_per_shot": 5000,
  "yaw_rate": 90,
  "pitch_rate": 45,
  "yaw_range": 180,
  "pitch_range": 80,
  "spread_fire": true,
  "auto_attack": true,
  "target_layers": [
    "WL_LandHorizontal",
    "WL_Seafloor",
    "WL_WaterSurface"
  ]
}