{
  "audio": {
    "loops": {
      "move": {
        "should_stop_func": "is_not_moving",
        "cue": "/SE/Movement/veh/tank_heavy_mortar_loop",
        "should_start_func": "is_moving",
        "flag": "vel_changed"
      }
    }
  },
  "display_index": 100,
  "wreckage_health_frac": 1,
  "physics": {
    "radius": 5,
    "push_class": 2
  },
  "base_spec": "/pa/units/land/base_vehicle/base_vehicle.json",
  "recon": {
    "observer": {
      "items": [
        {
          "shape": "capsule",
          "radius": 100,
          "layer": "surface_and_air",
          "channel": "sight"
        }
      ]
    }
  },
  "guard_layer": "WL_AnySurface",
  "model": {
    "animtree": "/pa/anim/anim_trees/turret_anim_tree.json",
    "filename": "/pa/units/land/tank_amphibious_adv/tank_amphibious_adv.papa",
    "arrows": 5
  },
  "display_name": "Flux",
  "description": "Advanced Tank: Anti-land and anti-ship guns",
  "max_health": 1250,
  "display_group": 40,
  "events": {
    "died": {
      "audio_cue": "/SE/Death/Veh",
      "effect_scale": 1.6
    },
    "build_complete": {
      "audio_cue": "/SE/Build_Complete/veh"
    },
    "fired": {
      "audio_cue": "/SE/Weapons/veh/tank_heavy_mortar_fire",
      "effect_spec": "/pa/effects/specs/tank_muzzle_flash.pfx socket_leftMuzzle /pa/effects/specs/tank_muzzle_flash.pfx socket_rightMuzzle"
    }
  },
  "navigation": {
    "move_speed": 6,
    "type": "amphibious",
    "turn_speed": 60,
    "brake": 70,
    "dodge_radius": 15,
    "acceleration": 2,
    "wobble_speed": 0.2,
    "dodge_multiplier": 1,
    "wobble_factor": 0.1
  },
  "unit_types": [
    "UNITTYPE_Tank",
    "UNITTYPE_Mobile",
    "UNITTYPE_Land"
  ],
  "TEMP_texelinfo": 10.3794,
  "tools": [
    {
      "muzzle_bone": "socket_leftMuzzle",
      "spec_id": "/pa/units/land/tank_amphibious_adv/tank_amphibious_adv_tool_weapon.json",
      "aim_bone": "socket_aim"
    }
  ],
  "guard_radius": 125,
  "build_metal_cost": 225
}