{
  "recon": {
    "observer": {
      "items": [
        {
          "channel": "sight",
          "layer": "surface_and_air",
          "radius": 100,
          "shape": "capsule"
        }
      ]
    }
  },
  "transportable": {
    "size": 1
  },
  "physics": {
    "allow_pushing": true,
    "push_class": 2,
    "radius": 2.25
  },
    "mesh_bounds": [
    2,
    2,
    2
  ],
  "spawn_layers": "WL_LandHorizontal",
  "base_spec": "/pa/units/land_bots/base_bot/base_bot.json",
  "guard_layer": "WL_LandHorizontal",
  "display_index": 60,
  "audio": {
    "loops": {
      "move": {
        "should_start_func": "is_moving",
        "cue": "/SE/Movement/bot/T2_fab_loop",
        "should_stop_func": "is_not_moving",
        "flag": "vel_changed"
      }
    },
	        "selection_response": {
            "cue": "/SE/Selection/bot/bot_bomb"
        }
  },
  "wreckage_health_frac": 0,
  "model": {
    "animations": {
      "walk": "/pa/units/land/bot_bomb/bot_bomb_anim_run.papa",
      "death01": "/pa/units/land/bot_bomb/bot_bomb_anim_death01.papa"
    },
    "filename": "/pa/units/land/bot_bomb/bot_bomb.papa",
    "arrows": 5,
    "walk_speed": 20,
    "animtree": "/pa/anim/anim_trees/bot_bomb_anim_tree.json"
  },
  "max_health": 45,
  "display_group": 40,
    "events": {
        "build_complete": {
            "audio_cue": "/SE/Build_Complete/bot"
        },
        "fired": {
            "audio_cue": "",
            "effect_spec": ""
        },
        "died": {
            "audio_cue": "/SE/Death/Bot_bomb",
            "effect_spec": "/pa/units/land/bot_bomb/bot_bomb_ammo_explosion.pfx",
            "effect_scale": 1
        }
    },
  "attachable": {
    "offsets": {
      "head": [
        0,
        0,
        1.8
      ],
      "root": [
        0,
        0,
        0
      ]
    }
  },
  "display_name": "Boom",
  "description": "Fast Suicide Bot: Leaps at enemies causing large AoE damage. Weak vs Riot-Control and Suppression",
  "build_metal_cost": 50,
  "TEMP_texelinfo": 6.38702,
  "guard_radius": 80,
  "tools": [
    {
      "spec_id": "/pa/units/land_bots/bot_bomb/bot_bomb_tool_weapon.json",
      "muzzle_bone": "bone_root",
      "aim_bone": "bone_root"
    }
  ],
  "unit_types": [
    "UNITTYPE_Bot",
    "UNITTYPE_Mobile",
    "UNITTYPE_Land",
    "UNITTYPE_Bomb",
    "UNITTYPE_Advanced",
    "UNITTYPE_FactoryBuild"
  ],
  "navigation": {
    "move_speed": 28,
    "type": "land-small",
    "turn_speed": 720,
    "brake": 200,
    "acceleration": 200
  }
}