{
	"navigation": {
		"type": "land-small",
		"move_speed": 13,
		"brake": 150,
		"turn_speed": 180,
		"acceleration": 100
	},
	"build_metal_cost": 300,
	"max_health": 400,
	"guard_radius": 120,
	"display_index": 80,
	"description": "AA: Anti-air missiles",
	"attachable": {
		"offsets": {
			"head": [0,
			1,
			4.1],
			"root": [0,
			0,
			0]
		}
	},
	"recon": {
		"observer": {
			"items": [{
				"radius": 100,
				"layer": "surface_and_air",
				"shape": "capsule",
				"channel": "sight"
			}]
		}
	},
	"nearby_target_tick_update_interval": 3,
	"tools": [{
		"spec_id": "/pa/units/land/aa_missile_vehicle/aa_missile_vehicle_tool_weapon.json",
		"aim_bone": "bone_pivot",
		"muzzle_bone": "bone_pivot"
	}],
	"audio": {
		"loops": {
			"move": {
				"cue": "/SE/Movement/veh/aa_missile_vehicle_loop",
				"should_stop_func": "is_not_moving",
				"should_start_func": "is_moving",
				"flag": "vel_changed"
			}
		}
	},
	"unit_types": ["UNITTYPE_Tank",
	"UNITTYPE_Mobile",
	"UNITTYPE_AirDefense",
	"UNITTYPE_Land",
	"UNITTYPE_Basic",
	"UNITTYPE_FactoryBuild"],
	"TEMP_texelinfo": 6.12932,
	"model": {
		"walk_speed": 7,
		"animtree": "/pa/anim/anim_trees/aa_missile_vehicle.json",
		"filename": "/pa/units/land/aa_missile_vehicle/aa_missile_vehicle.papa",
		"animations": {
			"run": "/pa/units/land/aa_missile_vehicle/aa_missile_vehicle_anim_run.papa"
		}
	},
	"transportable": {
		"size": 1
	},
	"guard_layer": "WL_Air",
	"base_spec": "/pa/units/land/base_vehicle/base_vehicle.json",
	"events": {
		"firing": {
			"audio_cue": "/SE/Weapons/veh/aa_missile_vehicle_fire",
			"effect_spec": "/pa/effects/specs/default_muzzle_flash.pfx socket_muzzle"
		},
		"died": {
			"audio_cue": "/SE/Death/Veh",
			"effect_scale": 0.7
		},
		"build_complete": {
			"audio_cue": "/SE/Build_Complete/veh"
		}
	},
	"display_name": "Spinner",
	"physics": {
		"push_class": 55,
		"radius": 3.5
	},
	"display_group": 60
}