{
  "ammo_capacity": 1000,
  "ammo_demand": 15,
  "ammo_id": "/pa/units/surfacenaval_units/missile_ship/missile_ship_ammo.json",
  "ammo_per_shot": 100,
  "ammo_source": "metal",
  "auto_attack": true,
  "base_spec": "/pa/tools/large_missile/cruise.json",
  "firing_arc_pitch": 360,
  "firing_arc_yaw": 360,
  "max_range": 300,
  "pitch_range": 85,
  "pitch_rate": 3600,
  "rate_of_fire": 1,
  "spread_fire": true,
  "target_layers": [
    "WL_LandHorizontal",
    "WL_Orbital",
    "WL_WaterSurface"
  ],
  "target_priorities": [
    "Orbital"
  ],
  "yaw_range": 180,
  "yaw_rate": 30
}