{
   "display_name":"Missile Interception Missile",
   "description":"Long-Range Supression Missile: Anti-Missile intercepts incoming tactical and strategic missiles.",
   "network_critical":true,
   "ammo_type":"Projectile",
   "build_metal_cost":1500,
   "flight_type":"Staged",
   "damage":1,
   "splash_damage":1,
   "splash_radius":0,
   "initial_velocity":500,
   "max_velocity":500,
   "turn_rate":3600,
   "lifetime":10,
   "show_strategic_icon":true,
   "spawn_layers":"WL_Air",
   "model":{
      "filename":"/pa/units/air/missile_anti_nuke/missile_anti_nuke.papa"
   },
   "collision_check":"target",
   "collision_response":"destroy",
   "collision_bounds":5,
   "physics":{
      "radius":5,
      "push_class":1,
      "gravity_scalar":3,
      "ignore_gravity":true,
      "add_to_spatial_db":false,
      "allow_underground":true
   },
   "fx_trail":{
      "filename":"/pa/units/land/anti_nuke_launcher/anti_nuke_launcher_ammo_trail.pfx",
      "offset":[
         0.0,
         4.6,
         0.0
      ]
   },
   "events":{
      "died":{
         "audio_cue":"/SE/Impacts/missile_antinuke",
         "effect_spec":"/pa/units/land/anti_nuke_launcher/anti_nuke_launcher_ammo_explosion.pfx",
         "effect_world_aligned":false
      }
   },
   "audio_loop":"/SE/Movement/missile/anti_nuke_missile_fly_loop",
   "stages":[
      {
         "ignores_gravity":true,
         "ignores_LOS":true,
         "stage_duration":100,
         "stage_turn_rate":180,
         "rotates_to_velocity":true
      },
      {
         "ignores_gravity":true,
         "ignores_LOS":false,
         "stage_duration":0,
         "stage_turn_rate":1080,
         "rotates_to_velocity":true
      }
   ]
}