{
  "base_spec":"/pa/tools/base_tool/base_turret.json",
  "ammo_id": "/pa/ammo/small_missile/heavy_homing.json",
  "target_layers": [
    "WL_LandHorizontal",
    "WL_WaterSurface",
    "WL_Air"
  ],
  "spread_fire": true,
  "rate_of_fire": 0.6,
  "max_range": 500,
  "range_height": 45,
  "yaw_rate": 90,
  "pitch_rate": 30,
  "yaw_range": 180,
  "pitch_range": 85,
  "auto_attack": true,
  "target_priorities": [
    "Air",
    "Mobile",
    "Structure - Wall",
    "Wall"
  ]
}