{
    "build_list": [
        {
            "name": "Air Scout Platoon",
            "to_build": "Air_Scout",
            "instance_count": -1,
            "priority": 100,
            "build_conditions": [
                [
                    {
                        "test_type": "UnitPoolCount",
                        "unit_type_string0": "Air & Scout",
                        "compare0": ">=",
                        "value0": 1
                    }
                ]
            ],
            "task_type": "Scout"
        },
        {
            "name": "Bomber-Gunship Attack Platoon Small",
            "to_build": "BomberGunship_Attack_Small",
            "instance_count": -1,
            "priority": 104,
            "build_conditions": [
                [
                    {
                        "test_type": "UnitPoolCount",
                        "unit_type_string0": "Air & (Bomber | Gunship)",
                        "compare0": ">=",
                        "value0": 1
                    },
                    {
                        "test_type": "CanAttackWithPoolUnitsBomber",
                        "string0": "WL_AnySurface",
                        "string1": "WL_Air",
                        "unit_type_string0": "Mobile | Structure"
                    }
                ]
            ],
            "task_type": "BomberAttack"
        },
        {
            "name": "Bomber-Gunship Attack Platoon Medium",
            "to_build": "BomberGunship_Attack_Medium",
            "instance_count": -1,
            "priority": 103,
            "build_conditions": [
                [
                    {
                        "test_type": "UnitPoolCount",
                        "unit_type_string0": "Air & (Bomber | Gunship)",
                        "compare0": ">=",
                        "value0": 4
                    },
                    {
                        "test_type": "CanAttackWithPoolUnitsBomber",
                        "string0": "WL_AnySurface",
                        "string1": "WL_Air",
                        "unit_type_string0": "Mobile | Structure"
                    }
                ]
            ],
            "task_type": "BomberAttack"
        },
        {
            "name": "Bomber-Gunship Attack Platoon Large",
            "to_build": "BomberGunship_Attack_Large",
            "instance_count": -1,
            "priority": 102,
            "build_conditions": [
                [
                    {
                        "test_type": "UnitPoolCount",
                        "unit_type_string0": "Air & (Bomber | Gunship)",
                        "compare0": ">=",
                        "value0": 10
                    },
                    {
                        "test_type": "CanAttackWithPoolUnitsBomber",
                        "string0": "WL_AnySurface",
                        "string1": "WL_Air",
                        "unit_type_string0": "Mobile | Structure"
                    }
                ]
            ],
            "task_type": "BomberAttack"
        },
        {
            "name": "Bomber-Gunship Attack Platoon XLarge",
            "to_build": "BomberGunship_Attack_XLarge",
            "instance_count": -1,
            "priority": 101,
            "build_conditions": [
                [
                    {
                        "test_type": "UnitPoolCount",
                        "unit_type_string0": "Air & (Bomber | Gunship)",
                        "compare0": ">=",
                        "value0": 20
                    },
                    {
                        "test_type": "CanAttackWithPoolUnitsBomber",
                        "string0": "WL_AnySurface",
                        "string1": "WL_Air",
                        "unit_type_string0": "Mobile | Structure"
                    }
                ]
            ],
            "task_type": "BomberAttack"
        },
        {
            "name": "Bomber-Gunship Attack Platoon Max",
            "to_build": "BomberGunship_Attack_Max",
            "instance_count": -1,
            "priority": 100,
            "build_conditions": [
                [
                    {
                        "test_type": "UnitPoolCount",
                        "unit_type_string0": "Air & (Bomber | Gunship)",
                        "compare0": ">=",
                        "value0": 40
                    },
                    {
                        "test_type": "CanAttackWithPoolUnitsBomber",
                        "string0": "WL_AnySurface",
                        "string1": "WL_Air",
                        "unit_type_string0": "Mobile | Structure"
                    }
                ]
            ],
            "task_type": "BomberAttack"
        },
        {
            "name": "Fighter Attack Platoon",
            "to_build": "Fighter_Attack",
            "instance_count": -1,
            "priority": 100,
            "build_conditions": [
                [
                    {
                        "test_type": "UnitPoolCount",
                        "unit_type_string0": "Air & Fighter",
                        "compare0": ">=",
                        "value0": 1
                    },
                    {
                        "test_type": "CanAttackWithPoolUnitsFighter",
                        "string0": "WL_Air",
                        "string1": "WL_Air",
                        "unit_type_string0": "Mobile | Structure"
                    }
                ],
                [
                    {
                        "test_type": "UnitPoolCount",
                        "unit_type_string0": "Air & Fighter",
                        "compare0": ">=",
                        "value0": 1
                    },
                    {
                        "test_type": "CanProvideAirSupportWithPoolUnits",
                        "string0": "fighter_attack",
                        "string1": "WL_Air",
                        "string2": "WL_Air",
                        "unit_type_string0": "Mobile | Structure"
                    }
                ]
            ],
            "task_type": "FighterAttack"
        }
    ]
}