{
  "base_spec": "/pa/units/air/base_flyer/base_flyer.json",
  "display_name": "Firefly",
  "events": {
    "build_complete": {
      "audio_cue": "/SE/Build_Complete/air"
    },
    "died": {
      "effect_spec": "/pa/effects/specs/default_explosion.pfx",
      "audio_cue": "/SE/Death/Air"
    },
    "fired": {
      "audio_cue": "/SE/Weapons/air/air_scout_fire"
    }
  },
  "physics": {
    "push_class": 2,
    "gravity_scalar": 1,
    "radius": 6
  },
  "display_group": 80,
  "navigation": {
    "type": "air",
    "dodge_multiplier": 75,
    "turn_speed": 90,
    "wobble_speed": 0.2,
    "acceleration": 70,
    "brake": 35,
    "move_speed": 275,
    "wobble_factor": 0.1,
    "dodge_radius": 75
  },
  "build_metal_cost": 25,
  "display_index": 80,
  "max_health": 30,
  "recon": {
    "observer": {
      "items": [
        {
          "layer": "surface_and_air",
          "radius": 200,
          "channel": "sight",
          "shape": "capsule"
        }
      ]
    }
  },
  "description": "Fast Scout Plane: Cheap plane with a large vision radius. Weak vs Anti-air & Suppression",
  "command_caps": [
    "ORDER_Move",
    "ORDER_Patrol",
    "ORDER_Assist"
  ],
  "unit_types": [
    "UNITTYPE_Scout",
    "UNITTYPE_Mobile",
    "UNITTYPE_Air",
    "UNITTYPE_Basic",
    "UNITTYPE_FactoryBuild"
  ],
  "audio": {
    "loops": {
      "move": {
        "should_stop_func": "is_not_moving",
        "flag": "vel_changed",
        "should_start_func": "is_moving",
        "cue": "/SE/Movement/air/air_scout_loop"
      }
    }
  },
  "model": {
    "arrows": 5,
    "filename": "/pa/units/air/air_scout/air_scout.papa"
  },
  "TEMP_texelinfo": 5.39039
}