{
    "base_spec": "/pa/tools/base_tool/base_turret.json",
    "ammo_id": "/pa/ammo/artillery/mortar.json",
    "target_layers": [
        "WL_LandHorizontal",
        "WL_WaterSurface"
    ],
    "rate_of_fire": 0.35,
    "max_range": 90,
    "arc_type": "High",
    "yaw_rate": 30,
    "pitch_rate": 30,
    "yaw_range": 180,
    "pitch_range": 70,
    "auto_attack": true,
    "target_priorities": [
        "Structure - Wall - Construction - Economy - Recon - Scout",
        "Mobile - Air",
		"Structure - Wall",
        "Wall"
    ]
}