{"base_spec":"/pa/units/commanders/imperial_base/imperial_base.json","display_name":"Progenitor Commander","description":"Imperial Progenitor Commander.","attachable":{"offsets":{"root":[0,0,0],"head":[0,0,12.0]}},"model":{"filename":"/pa/units/commanders/imperial_progenitor/imperial_progenitor.papa"},"headlights":[{"gobo":"/pa/effects/textures/gobo/spotlight_gobo.papa","offset":[0,-1.607,2.494],"orientation":[0.0,45.0,0.0],"near_width":5.0,"near_height":5.0,"near_distance":3.0,"far_distance":30.0,"color":[1.0,1.0,1.0],"intensity":6.0,"bone":"bone_spine","shadow_resolution":128}],"lamps":[{"offset":[0,-1.607,2.494],"radius":2.0,"color":[1.0,1.0,1.0],"intensity":5.0,"bone":"bone_spine"},{"offset":[0.07,-3.85,0.2],"radius":4.0,"color":[0.4,1.0,0.01],"intensity":2.0,"bone":"bone_leftElbow"}]}