{
  "ammo_type": "AMMO_Projectile",
  "flight_type": "Ballistic",
  "spawn_layers": "WL_Air",
  "model": {
    "filename": "/pa/units/air/atoa_missile/atoa_missile.papa"
  },
  "fx_trail": {
    "filename": "/pa/effects/specs/rocket_proj_trail.pfx",
    "offset": [
      0,
      2.2,
      0
    ]
  },
  "events": {
    "died": {
      "audio_cue": "/SE/Impacts/missile_tactical",
      "effect_spec": "/pa/effects/specs/default_explosion.pfx"
    }
  },
  "physics": {
    "radius": 1,
    "push_class": 1,
    "gravity_scalar": 5,
    "add_to_spatial_db": false,
    "allow_underground": false
  },
  "damage": 0,
  "splash_damage": 0,
  "splash_radius": 0,
  "initial_velocity": 100,
  "max_velocity": 300,
  "turn_rate": 270
}