{
  "base_spec": "/pa/ammo/base_missiles/base_missile.json",
  "flight_type": "Seeking",
  "model": {
    "filename": "/pa/units/air/missile_tactical/missile_tactical.papa"
  },
  "fx_trail": {
    "filename": "/pa/effects/specs/rocket_proj_trail.pfx",
    "offset": [
      0,
      0.8,
      0
    ]
  },
  "events": {
    "died": {
      "audio_cue": "/SE/Impacts/missile_tactical",
      "effect_spec": "/pa/effects/specs/default_explosion.pfx"
    }
  },
  "damage": 500,
  "splash_damage": 500,
  "splash_radius": 19,
  "lifetime": 30,
  "initial_velocity": 70,
  "max_velocity": 70,
  "turn_rate": 150
}