{
  "audio": {
    "loops": {
      "move": {
        "flag": "vel_changed",
        "should_stop_func": "is_not_moving",
        "should_start_func": "is_moving",
        "cue": "/SE/Movement/sea/Fab_ship_loop"
      },
      "build": {
        "flag": "build_target_changed",
        "should_stop_func": "no_build_target",
        "cue": "/SE/Construction/Fab_contruction_beam_loop",
        "should_start_func": "has_build_target"
      }
    }
  },
  "display_index": 100,
  "spawn_layers": "WL_WaterSurface",
  "physics": {
    "shape": "box",
    "radius": 6,
    "allow_pushing": true,
    "push_class": 2
  },
  "transportable": {
    "size": 1
  },
  "base_spec": "/pa/units/surfacenaval_units/base_ship/base_ship.json",
  "recon": {
    "observer": {
      "items": [
        {
          "layer": "surface_and_air",
          "channel": "sight",
          "radius": 100,
          "shape": "capsule"
        }
      ]
    }
  },
  "model": {
    "filename": "/pa/units/sea/fabrication_ship_adv/fabrication_ship_adv.papa",
    "animtree": "/pa/anim/anim_trees/fabrication_turret_anim_tree.json"
  },
  "buildable_types": "Naval & Structure & Advanced | Naval & Factory & Advanced | FabAdvBuild  - Bot - Tank - Air",
  "description": "Advanced Fabricator: Builds naval structures",
  "display_name": "Advanced Fabrication Ship",
  "attachable": {
    "offsets": {
      "head": [
        0,
        0,
        4
      ],
      "root": [
        0,
        0,
        0
      ]
    }
  },
  "events": {
    "died": {
      "audio_cue": "/SE/Death/Sea_large", 
      "effect_scale": 0.2, 
      "effect_spec": "/pa/effects/specs/default_building_explosion.pfx"
    },
    "build_complete": {
      "audio_cue": "/SE/Build_Complete/fab"
    }
  },
  "max_health": 2500,
  "fx_offsets": [
    {
      "type": "build",
      "bone": "socket_rightMuzzle",
      "offset": [
        0,
        0,
        0
      ],
      "filename": "/pa/effects/specs/fab_spray.pfx",
      "orientation": [
        0,
        0,
        0
      ]
    },
    {
      "bone": "socket_leftMuzzle",
      "type": "build",
      "filename": "/pa/effects/specs/fab_spray.pfx",
      "orientation": [
        0,
        0,
        0
      ],
      "offset": [
        0,
        0,
        0
      ]
    }
  ],
  "display_group": 100,
  "unit_types": [
    "UNITTYPE_Fabber",
    "UNITTYPE_Construction",
    "UNITTYPE_Naval",
    "UNITTYPE_Mobile",
    "UNITTYPE_Advanced",
    "UNITTYPE_FactoryBuild"
  ],
  "navigation": {
    "type": "deepwater",
    "turn_speed": 40,
    "move_speed": 12,
    "acceleration": 3,
    "brake": 9
  },
  "command_caps": [
    "ORDER_Move",
    "ORDER_Patrol",
    "ORDER_Build",
    "ORDER_Reclaim",
    "ORDER_Repair",
    "ORDER_Assist"
  ],
  "tools": [
    {
      "spec_id": "/pa/units/surfacenaval_units/fabrication_ship_adv/fabrication_ship_adv_build_arm.json",
      "aim_bone": "bone_pitch"
    }
  ],
  "TEMP_texelinfo": 11.3243,
  "build_metal_cost": 1600
}