{
  "base_spec": "/pa/ammo/base_ammo/base_ammo.json",
  "damage": 550,
  "splash_damage": 0,
  "splash_radius": 0,
  "splash_damages_allies": false,
  "initial_velocity": 30,
  "max_velocity": 30,
  "lifetime": 10,
  "turn_rate": 30,
  "cruise_height": 2,
  "model": {
    "filename": "/pa/units/sea/torpedo/torpedo.papa"
  },
  "flight_type": "Seeking",
  "flight_layer": "Underwater",
  "spawn_layers": "WL_Underwater",
  "physics": {
    "radius": 1,
    "push_class": 1,
    "gravity_scalar": 5,
    "add_to_spatial_db": false,
    "allow_underground": true
  },
  "events": {
    "died": {
      "audio_cue": "/SE/Impacts/torpedo",
      "effect_spec": "/pa/effects/specs/default_proj_explosion.pfx"
    }
  }
}