{"ammo_type":"AMMO_Projectile","flight_type":"Ballistic","spawn_layers":"WL_Air","model":{"filename":"/pa/units/air/shell_large/shell_large.papa"},"fx_trail":{"filename":"/pa/effects/specs/shell_artillery_large_proj_trail.pfx","offset":[0.0,1.0,0.0]},"physics":{"radius":1,"push_class":1,"gravity_scalar":10,"add_to_spatial_db":false,"allow_underground":true},"events":{"died":{"audio_cue":"/SE/Impacts/shell_artillery","effect_spec":"/pa/effects/specs/default_explosion.pfx"}},"damage":50000,"splash_damage":5000,"splash_radius":2500,"lifetime":30,"initial_velocity":115.0,"turn_rate":3}