{
	"base_spec": "/pa/units/land/base_structure/base_structure.json",
	"display_name": "Advanced Vehicle Factory",
	"description": "Advanced Factory: Builds land vehicles",
	"display_group": 75,
	"display_index": 100,
	"max_health": 10000,
	"build_metal_cost": 1500,
	"atrophy_rate": 100.0,
	"atrophy_cool_down": 30.0,
	"buildable_types": "Mobile & Tank & FactoryBuild & Advanced",
	"rolloff_dirs": [[0,
	1,
	0],
	[0,
	-1,
	0]],
	"wait_to_rolloff_time": 0,
	"factory_cooldown_time": 4,
	"storage": {
		"metal": 500
	},
	"unit_types": ["UNITTYPE_Factory",
	"UNITTYPE_Construction",
	"UNITTYPE_Land",
	"UNITTYPE_Tank",
	"UNITTYPE_Structure",
	"UNITTYPE_Advanced"],
	"command_caps": ["ORDER_Move",
	"ORDER_Patrol",
	"ORDER_FactoryBuild",
	"ORDER_Reclaim",
	"ORDER_Repair",
	"ORDER_Attack",
	"ORDER_Assist",
	"ORDER_Use"],
	"recon": {
		"observer": {
			"items": [{
				"layer": "surface_and_air",
				"channel": "sight",
				"shape": "capsule",
				"radius": 100
			}]
		}
	},
	"model": {
		"filename": "/pa/units/land/vehicle_factory_adv/vehicle_factory_adv.papa",
		"animations": {
			"idle": "/pa/units/land/vehicle_factory_adv/vehicle_factory_adv_anim_build.papa",
			"build_start": "/pa/units/land/vehicle_factory_adv/vehicle_factory_adv_anim_start.papa",
			"build_loop": "/pa/units/land/vehicle_factory_adv/vehicle_factory_adv_anim_build.papa",
			"build_end": "/pa/units/land/vehicle_factory_adv/vehicle_factory_adv_anim_end.papa"
		},
		"animtree": "/pa/anim/anim_trees/factory.json",
		"skirt_decal": "/pa/effects/specs/skirt_02.json"
	},
	"tools": [{
		"spec_id": "/pa/units/land/vehicle_factory_adv/vehicle_factory_adv_build_arm.json",
		"aim_bone": "bone_root"
	}],
	"events": {
		"died": {
			"effect_scale": 1.5
		}
	},
	"audio": {
		"loops": {
			"build": {
				"cue": "/SE/Construction/Factory_contruction_loop_veh",
				"flag": "build_target_changed",
				"should_start_func": "has_build_target",
				"should_stop_func": "no_build_target"
			}
		}
	},
	"fx_offsets": [{
		"type": "build",
		"filename": "/pa/effects/specs/fab_spray.pfx",
		"bone": "socket_nozzle01",
		"offset": [0,
		0,
		0],
		"orientation": [0,
		0,
		0]
	},
	{
		"type": "build",
		"filename": "/pa/effects/specs/fab_spray.pfx",
		"bone": "socket_nozzle02",
		"offset": [0,
		0,
		0],
		"orientation": [0,
		0,
		0]
	},
	{
		"type": "build",
		"filename": "/pa/effects/specs/fab_spray.pfx",
		"bone": "socket_nozzle03",
		"offset": [0,
		0,
		0],
		"orientation": [0,
		0,
		0]
	},
	{
		"type": "build",
		"filename": "/pa/effects/specs/fab_spray.pfx",
		"bone": "socket_nozzle04",
		"offset": [0,
		0,
		0],
		"orientation": [0,
		0,
		0]
	},
	{
		"type": "build",
		"filename": "/pa/effects/specs/fab_spray.pfx",
		"bone": "socket_nozzle05",
		"offset": [0,
		0,
		0],
		"orientation": [0,
		0,
		0]
	},
	{
		"type": "build",
		"filename": "/pa/effects/specs/fab_spray.pfx",
		"bone": "socket_nozzle06",
		"offset": [0,
		0,
		0],
		"orientation": [0,
		0,
		0]
	},
	{
		"type": "build",
		"filename": "/pa/effects/specs/fab_spray.pfx",
		"bone": "socket_nozzle07",
		"offset": [0,
		0,
		0],
		"orientation": [0,
		0,
		0]
	},
	{
		"type": "build",
		"filename": "/pa/effects/specs/fab_spray.pfx",
		"bone": "socket_nozzle08",
		"offset": [0,
		0,
		0],
		"orientation": [0,
		0,
		0]
	}],
	"headlights": [{
		"gobo": "/pa/effects/textures/gobo/spotlight_gobo.papa",
		"offset": [0.0,
		0.0,
		30.0],
		"orientation": [0.0,
		0.0,
		0.0],
		"near_width": 30.0,
		"near_height": 30.0,
		"near_distance": 15.0,
		"far_distance": 30.0,
		"color": [1.5,
		1.52,
		1.6],
		"debug": false
	}],
	"lamps": [{
		"offset": [18.671,
		-17.929,
		15.64],
		"radius": 8.0,
		"color": [0.1,
		1.0,
		0.1],
		"intensity": 2.0
	},
	{
		"offset": [22.812,
		-17.929,
		11.32],
		"radius": 8.0,
		"color": [0.1,
		1.0,
		0.1],
		"intensity": 2.0
	},
	{
		"offset": [18.671,
		17.929,
		15.64],
		"radius": 8.0,
		"color": [0.1,
		1.0,
		0.1],
		"intensity": 2.0
	},
	{
		"offset": [22.812,
		17.929,
		11.32],
		"radius": 8.0,
		"color": [0.1,
		1.0,
		0.1],
		"intensity": 2.0
	},
	{
		"offset": [-17.05,
		25.28,
		5.68],
		"radius": 4.0,
		"color": [1.0,
		0.0,
		0.0],
		"intensity": 2.0
	},
	{
		"offset": [-17.05,
		-25.28,
		5.68],
		"radius": 4.0,
		"color": [1.0,
		0.0,
		0.0],
		"intensity": 2.0
	}],
	"mesh_bounds": [50,
	50,
	30],
	"placement_size": [50,
	80],
	"area_build_separation": 7,
	"TEMP_texelinfo": 62.1789,
	"physics": {
		"collision_layers": "WL_AnyHorizontalGroundOrWaterSurface"
	}
}