{
	"unit_map": {
		"Commander": {
			"unit_types": "Commander"
		},
		"AnyBasicFactory": {
			"unit_types": "Factory & Basic"
		},
		"AnyAdvancedFactory": {
			"unit_types": "Factory & Advanced"
		},
		"AnyBasicFabber": {
			"unit_types": "(Fabber & (Basic | Debug)) - Orbital"
		},
		"AnyAdvancedFabber": {
			"unit_types": "(Fabber & (Advanced | Debug)) - Orbital"
		},
		"BasicBotFabber": {
			"spec_id": "/pa/units/land/fabrication_bot/fabrication_bot.json"
		},
		"AdvancedBotFabber": {
			"spec_id": "/pa/units/land/fabrication_bot_adv/fabrication_bot_adv.json"
		},
		"BasicBotCombatFabber": {
			"spec_id": "/pa/units/land/fabrication_bot_combat/fabrication_bot_combat.json"
		},
		"AdvancedBotCombatFabber": {
			"spec_id": "/pa/units/land/fabrication_bot_combat_adv/fabrication_bot_combat_adv.json"
		},
		"BasicVehicleFabber": {
			"spec_id": "/pa/units/land/fabrication_vehicle/fabrication_vehicle.json"
		},
		"AdvancedVehicleFabber": {
			"spec_id": "/pa/units/land/fabrication_vehicle_adv/fabrication_vehicle_adv.json"
		},
		"BasicAirFabber": {
			"spec_id": "/pa/units/air/fabrication_aircraft/fabrication_aircraft.json"
		},
		"AdvancedAirFabber": {
			"spec_id": "/pa/units/air/fabrication_aircraft_adv/fabrication_aircraft_adv.json"
		},
		"BasicNavalFabber": {
			"spec_id": "/pa/units/sea/fabrication_ship/fabrication_ship.json"
		},
		"AdvancedNavalFabber": {
			"spec_id": "/pa/units/sea/fabrication_ship_adv/fabrication_ship_adv.json"
		},
		"OrbitalFabber": {
			"spec_id": "/pa/units/orbital/orbital_fabrication_bot/orbital_fabrication_bot.json"
		},
		"BasicMetalExtractor": {
			"spec_id": "/pa/units/land/metal_extractor/metal_extractor.json"
		},
		"BasicEnergyGenerator": {
			"spec_id": "/pa/units/land/energy_plant/energy_plant.json"
		},
		"AdvancedMetalExtractor": {
			"spec_id": "/pa/units/land/metal_extractor_adv/metal_extractor_adv.json"
		},
		"AdvancedEnergyGenerator": {
			"spec_id": "/pa/units/land/energy_plant_adv/energy_plant_adv.json"
		},
		"EnergyStorage": {
			"spec_id": "/pa/units/land/energy_storage/energy_storage.json"
		},
		"MetalStorage": {
			"spec_id": "/pa/units/land/metal_storage/metal_storage.json"
		},
		"LandScout": {
			"spec_id": "/pa/units/land/land_scout/land_scout.json"
		},
		"BasicAssaultBot": {
			"spec_id": "/pa/units/land/assault_bot/assault_bot.json"
		},
		"BasicArtilleryBot": {
			"spec_id": "/pa/units/land/bot_grenadier/bot_grenadier.json"
		},
		"AdvancedAssaultBot": {
			"spec_id": "/pa/units/land/assault_bot_adv/assault_bot_adv.json"
		},
		"AdvancedArtilleryBot": {
			"spec_id": "/pa/units/land/bot_sniper/bot_sniper.json"
		},
		"TMLBot": {
			"spec_id": "/pa/units/land/bot_tactical_missile/bot_tactical_missile.json"
		},
		"LightLaserTank": {
			"spec_id": "/pa/units/land/tank_light_laser/tank_light_laser.json"
		},
		"BasicArmorTank": {
			"spec_id": "/pa/units/land/tank_armor/tank_armor.json"
		},
		"BasicAAVehicle": {
			"spec_id": "/pa/units/land/tank_gattling/tank_gattling.json"
		},
		"BasicSkirmishVehicle": {
			"spec_id": "/pa/units/land/aa_missile_vehicle/aa_missile_vehicle.json"
		},
		"AdvancedLaserTank": {
			"spec_id": "/pa/units/land/tank_laser_adv/tank_laser_adv.json"
		},
		"AdvancedArmorTank": {
			"spec_id": "/pa/units/land/tank_heavy_armor/tank_heavy_armor.json"
		},
		"AdvancedArtilleryVehicle": {
			"spec_id": "/pa/units/land/tank_heavy_mortar/tank_heavy_mortar.json"
		},
		"AirScout": {
			"spec_id": "/pa/units/air/air_scout/air_scout.json"
		},
		"BasicFighter": {
			"spec_id": "/pa/units/air/fighter/fighter.json"
		},
		"BasicBomber": {
			"spec_id": "/pa/units/air/bomber/bomber.json"
		},
		"AdvancedBomber": {
			"spec_id": "/pa/units/air/bomber_adv/bomber_adv.json"
		},
		"AdvancedGunship": {
			"spec_id": "/pa/units/air/gunship/gunship.json"
		},
		"Frigate": {
			"spec_id": "/pa/units/sea/frigate/frigate.json"
		},
		"Destroyer": {
			"spec_id": "/pa/units/sea/destroyer/destroyer.json"
		},
		"Battleship": {
			"spec_id": "/pa/units/sea/battleship/battleship.json"
		},
		"MissleShip": {
			"spec_id": "/pa/units/sea/missile_ship/missile_ship.json"
		},
		"OrbitalFighter": {
			"spec_id": "/pa/units/orbital/orbital_fighter/orbital_fighter.json"
		},
		"DefenseSatellite": {
			"spec_id": "/pa/units/orbital/defense_satellite/defense_satellite.json"
		},
		"OrbitalDeathLaser": {
			"spec_id": "/pa/units/orbital/orbital_laser/orbital_laser.json"
		},
		"BasicBotFactory": {
			"spec_id": "/pa/units/land/bot_factory/bot_factory.json"
		},
		"AdvancedBotFactory": {
			"spec_id": "/pa/units/land/bot_factory_adv/bot_factory_adv.json"
		},
		"BasicVehicleFactory": {
			"spec_id": "/pa/units/land/vehicle_factory/vehicle_factory.json"
		},
		"AdvancedVehicleFactory": {
			"spec_id": "/pa/units/land/vehicle_factory_adv/vehicle_factory_adv.json"
		},
		"BasicAirFactory": {
			"spec_id": "/pa/units/air/air_factory/air_factory.json"
		},
		"AdvancedAirFactory": {
			"spec_id": "/pa/units/air/air_factory_adv/air_factory_adv.json"
		},
		"BasicNavalFactory": {
			"spec_id": "/pa/units/sea/naval_factory/naval_factory.json"
		},
		"AdvancedNavalFactory": {
			"spec_id": "/pa/units/sea/naval_factory_adv/naval_factory_adv.json"
		},
		"OrbitalLauncher": {
			"spec_id": "/pa/units/orbital/orbital_launcher/orbital_launcher.json"
		},
		"OrbitalFactory": {
			"spec_id": "/pa/units/orbital/orbital_factory/orbital_factory.json"
		},
		"BasicAirDefense": {
			"spec_id": "/pa/units/land/air_defense/air_defense.json"
		},
		"BasicLandDefenseSingle": {
			"spec_id": "/pa/units/land/laser_defense_single/laser_defense_single.json"
		},
		"BasicLandDefense": {
			"spec_id": "/pa/units/land/laser_defense/laser_defense.json"
		},
		"BasicNavalDefense": {
			"spec_id": "/pa/units/sea/torpedo_launcher/torpedo_launcher.json"
		},
		"Umbrella": {
			"spec_id": "/pa/units/orbital/ion_defense/ion_defense.json"
		},
		"BasicArtillery": {
			"spec_id": "/pa/units/land/artillery_short/artillery_short.json"
		},
		"AdvancedAirDefense": {
			"spec_id": "/pa/units/land/air_defense_adv/air_defense_adv.json"
		},
		"AdvancedLandDefense": {
			"spec_id": "/pa/units/land/laser_defense_adv/laser_defense_adv.json"
		},
		"AdvancedNavalDefense": {
			"spec_id": "/pa/units/sea/torpedo_launcher_adv/torpedo_launcher_adv.json"
		},
		"TML": {
			"spec_id": "/pa/units/land/tactical_missile_launcher/tactical_missile_launcher.json"
		},
		"LongRangeArtillery": {
			"spec_id": "/pa/units/land/artillery_long/artillery_long.json"
		},
		"NukeSilo": {
			"spec_id": "/pa/units/land/nuke_launcher/nuke_launcher.json"
		},
		"AntiNukeSilo": {
			"spec_id": "/pa/units/land/anti_nuke_launcher/anti_nuke_launcher.json"
		},
		"PlanetEngine": {
			"spec_id": "/pa/units/orbital/delta_v_engine/delta_v_engine.json"
		},
		"Teleporter": {
			"spec_id": "/pa/units/land/teleporter/teleporter.json"
		},
		"Wall": {
			"spec_id": "/pa/units/land/land_barrier/land_barrier.json"
		},
		"BasicRadar": {
			"spec_id": "/pa/units/land/radar/radar.json"
		},
		"AdvancedRadar": {
			"spec_id": "/pa/units/land/radar_adv/radar_adv.json"
		},
		"DeepSpaceRadar": {
			"spec_id": "/pa/units/orbital/deep_space_radar/deep_space_radar.json"
		},
		"SolarArray": {
			"spec_id": "/pa/units/orbital/solar_array/solar_array.json"
		},
		"BasicRadarSattelite": {
			"spec_id": "/pa/units/orbital/radar_satellite/radar_satellite.json"
		},
		"OrbitalLander": {
			"spec_id": "/pa/units/orbital/orbital_lander/orbital_lander.json"
		},
		"AdvancedRadarSattelite": {
			"spec_id": "/pa/units/orbital/radar_satellite_adv/radar_satellite_adv.json"
		},
		"NukeMissile": {
			"spec_id": "/pa/units/land/nuke_launcher/nuke_launcher_ammo.json"
		},
		"AntiNukeMissile": {
			"spec_id": "/pa/units/land/anti_nuke_launcher/anti_nuke_launcher_ammo.json"
		}
	}
}