{
	"platoon_templates": {
		"Land_Attack_Small": {
			"units": [{
				"unit_types": "(Bot & Mobile) - Fabber - AirDefense - Construction - Artillery - Heavy",
				"min_count": 0,
				"max_count": 3,
				"squad": "Fast"
			},
			{
				"unit_types": "((Tank | Bot) & Mobile) - Fabber - AirDefense - Construction - Artillery - Heavy - Scout",
				"min_count": 0,
				"max_count": 3,
				"squad": "General"
			},
			{
				"unit_types": "((Tank | Bot) & Mobile) & Artillery",
				"min_count": 0,
				"percent": 0.35,
				"squad": "Artillery"
			},
			{
				"unit_types": "((Tank | Bot) & Mobile) & Heavy",
				"min_count": 0,
				"percent": 0.5,
				"squad": "Close"
			},
			{
				"unit_types": "((Tank | Bot) & Mobile) & (AirDefense | Construction)",
				"min_count": 0,
				"percent": 0.2,
				"squad": "Defense"
			},
			{
				"unit_types": "Land & Scout",
				"min_count": 0,
				"percent": 0.05,
				"squad": "Defense"
			}]
		},
		"Land_Attack_Medium": {
			"units": [{
				"unit_types": "(Bot & Mobile) - Fabber - AirDefense - Construction - Artillery - Heavy",
				"min_count": 0,
				"max_count": 10,
				"squad": "Fast"
			},
			{
				"unit_types": "((Tank | Bot) & Mobile) - Fabber - AirDefense - Construction - Artillery - Heavy - Scout",
				"min_count": 0,
				"max_count": 10,
				"squad": "General"
			},
			{
				"unit_types": "((Tank | Bot) & Mobile) & Artillery",
				"min_count": 0,
				"percent": 0.35,
				"squad": "Artillery"
			},
			{
				"unit_types": "((Tank | Bot) & Mobile) & Heavy",
				"min_count": 0,
				"percent": 0.5,
				"squad": "Close"
			},
			{
				"unit_types": "((Tank | Bot) & Mobile) & (AirDefense | Construction)",
				"min_count": 0,
				"percent": 0.2,
				"squad": "Defense"
			},
			{
				"unit_types": "Land & Scout",
				"min_count": 0,
				"percent": 0.05,
				"squad": "Defense"
			}]
		},
		"Land_Attack_Large": {
			"units": [{
				"unit_types": "(Bot & Mobile) - Fabber - AirDefense - Construction - Artillery - Heavy",
				"min_count": 0,
				"max_count": 20,
				"squad": "Fast"
			},
			{
				"unit_types": "((Tank | Bot) & Mobile) - Fabber - AirDefense - Construction - Artillery - Heavy - Scout",
				"min_count": 0,
				"max_count": 20,
				"squad": "General"
			},
			{
				"unit_types": "((Tank | Bot) & Mobile) & Artillery",
				"min_count": 0,
				"percent": 0.35,
				"squad": "Artillery"
			},
			{
				"unit_types": "((Tank | Bot) & Mobile) & Heavy",
				"min_count": 0,
				"percent": 0.5,
				"squad": "Close"
			},
			{
				"unit_types": "((Tank | Bot) & Mobile) & (AirDefense | Construction)",
				"min_count": 0,
				"percent": 0.2,
				"squad": "Defense"
			},
			{
				"unit_types": "Land & Scout",
				"min_count": 0,
				"percent": 0.05,
				"squad": "Defense"
			}]
		},
		"Land_Attack_XLarge": {
			"units": [{
				"unit_types": "(Bot & Mobile) - Fabber - AirDefense - Construction - Artillery - Heavy",
				"min_count": 0,
				"max_count": 40,
				"squad": "Fast"
			},
			{
				"unit_types": "((Tank | Bot) & Mobile) - Fabber - AirDefense - Construction - Artillery - Heavy - Scout",
				"min_count": 0,
				"max_count": 40,
				"squad": "General"
			},
			{
				"unit_types": "((Tank | Bot) & Mobile) & Artillery",
				"min_count": 0,
				"percent": 0.35,
				"squad": "Artillery"
			},
			{
				"unit_types": "((Tank | Bot) & Mobile) & Heavy",
				"min_count": 0,
				"percent": 0.5,
				"squad": "Close"
			},
			{
				"unit_types": "((Tank | Bot) & Mobile) & (AirDefense | Construction)",
				"min_count": 0,
				"percent": 0.2,
				"squad": "Defense"
			},
			{
				"unit_types": "Land & Scout",
				"min_count": 0,
				"percent": 0.05,
				"squad": "Defense"
			}]
		},
		"Land_Attack_Max": {
			"units": [{
				"unit_types": "(Bot & Mobile) - Fabber - AirDefense - Construction - Artillery - Heavy",
				"min_count": 0,
				"max_count": -1,
				"squad": "Fast"
			},
			{
				"unit_types": "((Tank | Bot) & Mobile) - Fabber - AirDefense - Construction - Artillery - Heavy - Scout",
				"min_count": 0,
				"max_count": -1,
				"squad": "General"
			},
			{
				"unit_types": "((Tank | Bot) & Mobile) & Artillery",
				"min_count": 0,
				"percent": 0.35,
				"squad": "Artillery"
			},
			{
				"unit_types": "((Tank | Bot) & Mobile) & Heavy",
				"min_count": 0,
				"percent": 0.5,
				"squad": "Close"
			},
			{
				"unit_types": "((Tank | Bot) & Mobile) & (AirDefense | Construction)",
				"min_count": 0,
				"percent": 0.2,
				"squad": "Defense"
			},
			{
				"unit_types": "Land & Scout",
				"min_count": 0,
				"percent": 0.05,
				"squad": "Defense"
			}]
		},
		"Air_Scout": {
			"units": [{
				"unit_types": "Air & Scout",
				"max_count": 1
			}]
		},
		"Land_Scout": {
			"units": [{
				"unit_types": "Land & Scout",
				"max_count": 1
			}]
		},
		"BomberGunship_Attack_Small": {
			"units": [{
				"unit_types": "Air & (Bomber | Gunship)",
				"min_count": 1,
				"max_count": 3
			},
			{
				"unit_types": "Air & Fighter",
				"min_count": 0,
				"percent": 0.25,
				"squad": "Escort"
			}]
		},
		"BomberGunship_Attack_Medium": {
			"units": [{
				"unit_types": "Air & (Bomber | Gunship)",
				"min_count": 4,
				"max_count": 9
			},
			{
				"unit_types": "Air & Fighter",
				"min_count": 1,
				"percent": 0.25,
				"squad": "Escort"
			}]
		},
		"BomberGunship_Attack_Large": {
			"units": [{
				"unit_types": "Air & (Bomber | Gunship)",
				"min_count": 10,
				"max_count": 19
			},
			{
				"unit_types": "Air & Fighter",
				"min_count": 2,
				"percent": 0.25,
				"squad": "Escort"
			}]
		},
		"BomberGunship_Attack_XLarge": {
			"units": [{
				"unit_types": "Air & (Bomber | Gunship)",
				"min_count": 20,
				"max_count": 39
			},
			{
				"unit_types": "Air & Fighter",
				"min_count": 4,
				"percent": 0.25,
				"squad": "Escort"
			}]
		},
		"BomberGunship_Attack_Max": {
			"units": [{
				"unit_types": "Air & (Bomber | Gunship)",
				"min_count": 40,
				"max_count": -1
			},
			{
				"unit_types": "Air & Fighter",
				"min_count": 6,
				"percent": 0.25,
				"squad": "Escort"
			}]
		},
		"Fighter_Attack": {
			"units": [{
				"unit_types": "Air & Fighter",
				"min_count": 1,
				"max_count": -1
			}]
		},
		"Naval_Attack": {
			"units": [{
				"unit_types": "(Naval & Mobile) - Fabber",
				"min_count": 1,
				"max_count": -1
			}]
		},
		"Orbital_Fighter_Attack": {
			"units": [{
				"unit_types": "Orbital & Fighter",
				"min_count": 1,
				"max_count": -1
			}]
		},
		"Orbital_Laser_Attack": {
			"units": [{
				"unit_types": "Orbital & LaserPlatform",
				"min_count": 1,
				"max_count": -1
			}]
		},
		"Orbital_Radar": {
			"units": [{
				"unit_types": "Orbital & Recon - Structure",
				"min_count": 1,
				"max_count": -1
			}]
		},
		"Nukes": {
			"units": [{
				"unit_types": "Structure & Nuke",
				"min_count": 1,
				"max_count": -1
			}]
		},
		"Artillery": {
			"units": [{
				"unit_types": "Structure & (Artillery | Tactical)",
				"max_count": 1
			}]
		}
	}
}