{
	"fx_offsets": [{
		"offset": [0,
		-4.198,
		0.381],
		"filename": "/pa/effects/specs/fab_spray.pfx",
		"orientation": [0,
		0,
		0],
		"type": "build",
		"bone": "bone_pitch"
	}],
	"max_health": 400,
	"display_group": 100,
	"events": {
		"build_complete": {
			"audio_cue": "/SE/Build_Complete/fab"
		},
		"died": {
			"effect_scale": 0.8,
			"audio_cue": "/SE/Death/Veh"
		}
	},
	"display_name": "Fabrication Vehicle",
	"attachable": {
		"offsets": {
			"root": [0,
			0,
			0],
			"head": [0,
			0,
			2.7]
		}
	},
	"buildable_types": "Land & Structure & Basic | Factory & Basic | Factory & Land & Tank & Advanced | FabBuild",
	"description": "Fabrication: Builds structures",
	"build_metal_cost": 600,
	"TEMP_texelinfo": 6.20134,
	"guard_radius": 60,
	"tools": [{
		"aim_bone": "bone_root",
		"spec_id": "/pa/units/land/fabrication_vehicle/fabrication_vehicle_build_arm.json"
	}],
	"navigation": {
		"group_preference": "back",
		"move_speed": 13,
		"type": "land-small",
		"turn_speed": 360,
		"brake": 120,
		"acceleration": 120
	},
	"command_caps": ["ORDER_Move",
	"ORDER_Patrol",
	"ORDER_Build",
	"ORDER_Reclaim",
	"ORDER_Repair",
	"ORDER_Assist",
	"ORDER_Use"],
	"unit_types": ["UNITTYPE_Fabber",
	"UNITTYPE_Construction",
	"UNITTYPE_Tank",
	"UNITTYPE_Mobile",
	"UNITTYPE_Basic",
	"UNITTYPE_Land",
	"UNITTYPE_FactoryBuild"],
	"recon": {
		"observer": {
			"items": [{
				"layer": "surface_and_air",
				"channel": "sight",
				"radius": 100,
				"shape": "capsule"
			}]
		}
	},
	"physics": {
		"allow_pushing": true,
		"push_class": 100,
		"radius": 3
	},
	"transportable": {
		"size": 1
	},
	"base_spec": "/pa/units/land/base_vehicle/base_vehicle.json",
	"guard_layer": "WL_LandHorizontal",
	"display_index": 80,
	"audio": {
		"loops": {
			"move": {
				"flag": "vel_changed",
				"should_start_func": "is_moving",
				"cue": "/SE/Movement/veh/fab_loop",
				"should_stop_func": "is_not_moving"
			},
			"build": {
				"cue": "/SE/Construction/Fab_contruction_beam_loop",
				"should_start_func": "has_build_target",
				"should_stop_func": "no_build_target",
				"flag": "build_target_changed"
			}
		}
	},
	"model": {
		"arrows": 5,
		"filename": "/pa/units/land/fabrication_vehicle/fabrication_vehicle.papa",
		"animtree": "/pa/anim/anim_trees/fabrication_turret.json"
	}
}