{
  "build_metal_cost": 175,
  "guard_radius": 200,
  "max_health": 250,
  "display_index": 80,
  "area_build_separation": 8,
  "atrophy_cool_down": 30,
  "command_caps": [
    "ORDER_Attack"
  ],
  "unit_types": [
    "UNITTYPE_Structure",
    "UNITTYPE_Basic",
    "UNITTYPE_Land",
    "UNITTYPE_AirDefense",
    "UNITTYPE_Defense",
    "UNITTYPE_CmdBuild",
    "UNITTYPE_FabBuild",
    "UNITTYPE_FabAdvBuild"
  ],
  "tools": [
    {
      "muzzle_bone": [
        "socket_rightMuzzle",
        "socket_leftMuzzle"
      ],
      "spec_id": "/pa/units/land_combat/air_defense_missile/air_defense_missile_tool_weapon.json",
      "aim_bone": "bone_pitch"
    }
  ],
  "atrophy_rate": 20,
  "model": [
    {
      "layer": "WL_LandHorizontal",
      "animtree": "/pa/anim/anim_trees/fabrication_turret_anim_tree.json",
      "filename": "/pa/units/land/air_defense/air_defense.papa",
      "skirt_decal": "/pa/effects/specs/skirt_defense.json"
    },
    {
      "layer": "WL_WaterSurface",
      "animtree": "/pa/anim/anim_trees/fabrication_turret_anim_tree.json",
      "filename": "/pa/units/sea/air_defense/air_defense.papa"
    }
  ],
  "TEMP_texelinfo": 9.4493,
  "recon": {
    "observer": {
      "items": [
        {
          "channel": "sight",
          "shape": "capsule",
          "layer": "surface_and_air",
          "radius": 155
        }
      ]
    }
  },
  "nearby_target_tick_update_interval": 3,
  "description": "Long-Range Anti-Air Tower: A slow-firing area denial SAM emplacement. Weak vs Swarm & Assault",
  "base_spec": "/pa/units/land_combat/base_structure/base_structure.json",
  "display_name": "Missile Defense Tower",
  "events": {
    "build_complete": {
      "audio_cue": "/SE/Build_Complete/structure_small"
    },
    "died": {
      "effect_scale": 0.3,
      "audio_cue": "/SE/Death/structure_small"
    },
    "fired": {
      "audio_cue": "/SE/Weapons/structure/air_defense_fire",
      "effect_spec": "/pa/effects/specs/default_muzzle_flash.pfx socket_rightMuzzle /pa/effects/specs/default_muzzle_flash.pfx socket_leftMuzzle"
    }
  },
  "guard_layer": "WL_Air",
  "mesh_bounds": [
    5,
    5,
    10.7778
  ],
  "spawn_layers": "WL_AnyHorizontalGroundOrWaterSurface",
  "display_group": 50
}