{
  "base_spec": "/pa/units/land/base_structure/base_structure.json",
  "display_name": "Advanced Torpedo Launcher",
  "description": "Long-Range Heavy-Hitting Torpedo Launcher: Fires torpedo swarms. Uses energy. Weak vs Flankers & Swarms",
  "display_group": 50,
  "display_index": 75,
  "max_health": 1000,
  "build_metal_cost": 350,
  "spawn_layers": "WL_WaterSurface",
  "area_build_separation": 18,
  "unit_types": [
    "UNITTYPE_Structure",
    "UNITTYPE_Advanced",
    "UNITTYPE_Naval",
    "UNITTYPE_Defense",
    "UNITTYPE_FabAdvBuild"
  ],
  "guard_radius": 320,
  "guard_layer": "WL_AnySurface",
  "command_caps": [
    "ORDER_Attack"
  ],
  "events": {
    "build_complete": {
      "audio_cue": "/SE/Build_Complete/sea"
    },
    "died": {
      "audio_cue": "/SE/Death/Sea"
    },
    "fired": {
      "audio_cue": "/SE/Weapons/sea/torpedo_fire"
    }
  },
  "model": {
    "filename": "/pa/units/sea/torpedo_launcher_adv/torpedo_launcher_adv.papa",
    "animations": {
      "idle": "/pa/units/sea/torpedo_launcher/torpedo_launcher_anim_idle.papa"
    },
    "animtree": "/pa/anim/anim_trees/torpedo_launcher_adv_anim_tree.json"
  },
  "tools": [
    {
      "spec_id": "/pa/units/sea/torpedo_launcher_adv/torpedo_launcher_adv_tool_weapon.json",
      "aim_bone": "bone_turret",
      "muzzle_bone": [
        "socket_rightMuzzle",
        "socket_centerMuzzle",
        "socket_leftMuzzle"
      ]
    }
  ],
  "TEMP_texelinfo": 14.1009
}