{"recon":{"observer":{"items":[{"shape":"capsule","channel":"sight","radius":100,"layer":"surface_and_air"}]}},"description":"Advanced Factory: Builds air units","model":[{"skirt_decal":"/pa/effects/specs/skirt_air_adv.json","layer":"WL_LandHorizontal","animations":{"build_end":"/pa/units/air/air_factory_adv/air_factory_adv_anim_end.papa","build_loop":"/pa/units/air/air_factory_adv/air_factory_adv_anim_build.papa","build_start":"/pa/units/air/air_factory_adv/air_factory_adv_anim_start.papa"},"animtree":"/pa/anim/anim_trees/factory.json","filename":"/pa/units/air/air_factory_adv/air_factory_adv.papa"},{"layer":"WL_WaterSurface","animations":{"build_loop":"/pa/units/air/air_factory_adv/air_factory_adv_anim_build.papa","build_start":"/pa/units/air/air_factory_adv/air_factory_adv_anim_start.papa","build_end":"/pa/units/air/air_factory_adv/air_factory_adv_anim_end.papa"},"filename":"/pa/units/sea/air_factory_adv/air_factory_adv.papa","animtree":"/pa/anim/anim_trees/factory.json"}],"atrophy_rate":50,"TEMP_texelinfo":65.6074,"unit_types":["UNITTYPE_Factory","UNITTYPE_Construction","UNITTYPE_Air","UNITTYPE_Structure","UNITTYPE_Advanced"],"audio":{"loops":{"build":{"cue":"/SE/Construction/Factory_contruction_loop_air","flag":"build_target_changed","should_start_func":"has_build_target","should_stop_func":"no_build_target"}}},"command_caps":["ORDER_Move","ORDER_Patrol","ORDER_FactoryBuild","ORDER_Reclaim","ORDER_Repair","ORDER_Attack","ORDER_Assist"],"tools":[{"spec_id":"/pa/units/air/air_factory_adv/air_factory_adv_build_arm.json","aim_bone":"bone_root"}],"atrophy_cool_down":30,"storage":{"metal":500},"display_index":65,"max_health":10000,"area_build_separation":7,"build_metal_cost":1500,"headlights":[{"far_distance":20,"gobo":"/pa/effects/textures/gobo/spotlight_gobo.papa","near_width":3,"near_distance":1,"intensity":3,"offset":[9.5,9.5,2.5],"orientation":[-35,31,0],"near_height":3,"bone":"bone_platform","color":[1.5,1.52,1.6]},{"far_distance":20,"near_distance":1,"near_width":3,"gobo":"/pa/effects/textures/gobo/spotlight_gobo.papa","near_height":3,"orientation":[-35,-31,0],"offset":[9.5,-9.5,2.5],"intensity":3,"color":[1.5,1.52,1.6],"bone":"bone_platform"},{"near_distance":1,"near_width":3,"gobo":"/pa/effects/textures/gobo/spotlight_gobo.papa","far_distance":20,"color":[1.5,1.52,1.6],"bone":"bone_platform","near_height":3,"orientation":[35,31,0],"offset":[-9.5,9.5,2.5],"intensity":3},{"bone":"bone_platform","color":[1.5,1.52,1.6],"intensity":3,"offset":[-9.5,-9.5,2.5],"near_height":3,"orientation":[35,-31,0],"gobo":"/pa/effects/textures/gobo/spotlight_gobo.papa","near_width":3,"near_distance":1,"far_distance":20}],"lamps":[{"color":[0.1,1,0.1],"radius":8,"intensity":2,"offset":[8.02,-20.88,12.04]},{"radius":8,"color":[0.1,1,0.1],"offset":[0,-20.88,12.04],"intensity":2},{"intensity":2,"offset":[-8.02,-20.88,12.04],"color":[0.1,1,0.1],"radius":8},{"intensity":2,"offset":[-4,-23.79,8.44],"radius":4,"color":[1,0,0]}],"physics":{"collision_layers":"WL_AnyHorizontalGroundOrWaterSurface"},"mesh_bounds":[50,50,25],"rolloff_dirs":[[1,0,0],[-1,0,0],[0,1,0],[0,-1,0]],"spawn_layers":"WL_AnyHorizontalGroundOrWaterSurface","fx_offsets":[{"orientation":[0,0,0],"offset":[0,0,0],"filename":"/pa/effects/specs/fab_spray.pfx","type":"build","bone":"socket_nozzle01"},{"offset":[0,0,0],"orientation":[0,0,0],"bone":"socket_nozzle02","filename":"/pa/effects/specs/fab_spray.pfx","type":"build"},{"type":"build","filename":"/pa/effects/specs/fab_spray.pfx","bone":"socket_nozzle03","orientation":[0,0,0],"offset":[0,0,0]},{"offset":[0,0,0],"orientation":[0,0,0],"bone":"socket_nozzle04","filename":"/pa/effects/specs/fab_spray.pfx","type":"build"},{"orientation":[0,0,0],"offset":[0,0,0],"type":"build","filename":"/pa/effects/specs/fab_spray.pfx","bone":"socket_nozzle05"},{"offset":[0,0,0],"orientation":[0,0,0],"bone":"socket_nozzle06","type":"build","filename":"/pa/effects/specs/fab_spray.pfx"},{"bone":"socket_nozzle07","type":"build","filename":"/pa/effects/specs/fab_spray.pfx","offset":[0,0,0],"orientation":[0,0,0]},{"orientation":[0,0,0],"offset":[0,0,0],"type":"build","filename":"/pa/effects/specs/fab_spray.pfx","bone":"socket_nozzle08"}],"display_group":75,"buildable_types":"Air & Mobile & FactoryBuild","factory_cooldown_time":2,"placement_size":[50,50],"display_name":"Advanced Air Factory","events":{"died":{"effect_scale":1.5}},"wait_to_rolloff_time":0,"base_spec":"/pa/units/land/base_structure/base_structure.json"}