{
  "display_index": 100,
  "audio": {
    "loops": {
      "build": {
        "flag": "build_target_changed",
        "should_stop_func": "no_build_target",
        "cue": "/SE/Construction/Fab_contruction_beam_loop",
        "should_start_func": "has_build_target"
      },
      "move": {
        "should_stop_func": "is_not_moving",
        "cue": "/SE/Movement/bot/T2_fab_loop",
        "should_start_func": "is_moving",
        "flag": "vel_changed"
      }
    }
  },
  "guard_layer": "WL_LandHorizontal",
  "recon": {
    "observer": {
      "items": [
        {
          "shape": "capsule",
          "radius": 100,
          "layer": "surface_and_air",
          "channel": "sight"
        }
      ]
    }
  },
  "physics": {
    "allow_pushing": true,
    "push_class": 2,
    "radius": 4
  },
  "transportable": {
    "size": 1
  },
  "base_spec": "/pa/units/land/base_bot/base_bot.json",
  "model": {
    "animations": {
      "aim_up": "/pa/units/land/bot_spider_adv/bot_spider_adv_anim_aimUp.papa",
      "walk": "/pa/units/land/bot_spider_adv/bot_spider_adv_anim_run.papa",
      "aim_down": "/pa/units/land/bot_spider_adv/bot_spider_adv_anim_aimDown.papa",
      "death01": "/pa/units/land/bot_spider_adv/bot_spider_adv_anim_death01.papa"
    },
    "animtree": "/pa/anim/anim_trees/fabrication_bipedal_mech_anim_tree.json",
    "walk_speed": 4.9,
    "filename": "/pa/units/land/bot_spider_adv/bot_spider_adv.papa",
    "arrows": 5
  },
  "description": "All Terrain Bot: Can crawl almost anywhere.",
  "display_name": "Recluse",
  "events": {
    "died": {
      "audio_cue": "/SE/Death/Bot",
      "effect_scale": 0.8
    },
    "build_complete": {
      "audio_cue": "/SE/Build_Complete/fab"
    }
  },
  "max_health": 800,
  "fx_offsets": [
    {
      "bone": "bone_rightMuzzle",
      "type": "build",
      "filename": "/pa/effects/specs/fab_spray.pfx",
      "orientation": [
        0,
        0,
        0
      ],
      "offset": [
        0,
        0,
        0
      ]
    },
    {
      "filename": "/pa/effects/specs/fab_spray.pfx",
      "orientation": [
        0,
        0,
        0
      ],
      "offset": [
        0,
        0,
        0
      ],
      "bone": "bone_leftMuzzle",
      "type": "build"
    }
  ],
  "display_group": 40,
  "unit_types": [
    "UNITTYPE_Bot",
    "UNITTYPE_Mobile",
    "UNITTYPE_Land"
  ],
  "navigation": {
    "wobble_factor": 0.1,
    "dodge_multiplier": 1,
    "wobble_speed": 0.2,
    "acceleration": 150,
    "brake": 150,
    "dodge_radius": 15,
    "type": "amphibious",
    "turn_speed": 720,
    "move_speed": 10
  },
  "build_metal_cost": 1080,
  "guard_radius": 110,
  "TEMP_texelinfo": 6.38702,
  "tools": [
    {
      "muzzle_bone": "bone_rightRecoil",
      "spec_id": "/pa/units/land/bot_spider_adv/bot_spider_adv_tool_weapon.json",
      "aim_bone": "bone_turret"
    }
  ]
}