{"ammo_type":"AMMO_Projectile","flight_type":"Seeking","spawn_layers":"WL_Air","model":{"filename":"/pa/units/air/missile_tactical/missile_tactical.papa"},"fx_trail":{"filename":"/pa/effects/specs/rocket_proj_trail.pfx","offset":[0.0,4.6,0.0]},"physics":{"radius":1,"push_class":1,"gravity_scalar":5,"ignore_gravity":true,"allow_underground":true},"events":{"died":{"audio_cue":"/SE/Impacts/missile_tactical","effect_spec":"/pa/effects/specs/default_proj_area_explosion.pfx"}},"damage":500,"splash_damage":500,"splash_radius":19,"lifetime":30,"initial_velocity":70.0,"max_velocity":70.0,"turn_rate":150}