{"navigation":{"acceleration":60,"brake":60,"turn_speed":90,"type":"amphibious","turn_in_place":false,"move_speed":6},"unit_types":["UNITTYPE_Commander","UNITTYPE_Construction","UNITTYPE_Mobile","UNITTYPE_Land","UNITTYPE_NoBuild"],"command_caps":["ORDER_Move","ORDER_Patrol","ORDER_Build","ORDER_Attack","ORDER_Reclaim","ORDER_Repair","ORDER_Assist","ORDER_Use","ORDER_FireSecondaryWeapon"],"si_name":"commander","build_metal_cost":25000,"tools":[{"spec_id":"/pa/tools/commander_build_arm/commander_build_arm.json","build_arm":true,"aim_bone":"bone_turret"},{"muzzle_bone":"socket_rightMuzzle","spec_id":"/pa/units/commanders/base_commander/base_commander_tool_weapon.json","aim_bone":"bone_turret","primary_weapon":true,"aim_weapon":true},{"spec_id":"/pa/tools/uber_cannon/uber_cannon.json","muzzle_bone":"socket_rightMuzzle","ammo_weapon":true,"secondary_weapon":true,"aim_bone":"bone_turret"},{"death_weapon":true,"spec_id":"/pa/tools/commander_death/commander_death.json"}],"buildable_types":"CmdBuild","description":"Base Commander Description - If you're seeing this, something is wrong in your commander.","attachable":{"offsets":{"head":[0,0,10],"root":[0,0,0]}},"display_name":"Base Commander","show_in_orbital_layer":true,"storage":{"energy":20000,"metal":2000},"events":{"firing":{"audio_cue":"/SE/Weapons/commander/Commander_uber_what","effect_spec":"/pa/effects/specs/default_muzzle_flash.pfx socket_rightMuzzle"}},"display_group":99,"fx_offsets":[{"type":"build","bone":"socket_leftMuzzle","filename":"/pa/effects/specs/fab_spray.pfx"}],"max_health":25000,"teleportable":{},"display_index":99,"production":{"metal":20,"energy":2000},"audio":{"loops":{"build":{"should_start_func":"has_build_target","cue":"/SE/Construction/Commander_contruction_beam_loop","should_stop_func":"no_build_target","flag":"build_target_changed"},"move":{"cue":"/SE/Movement/commander/Commander_move_loop","should_start_func":"is_moving","should_stop_func":"is_not_moving","flag":"vel_changed"}}},"armor_type":"AT_Commander","recon":{"observer":{"items":[{"shape":"capsule","radius":150,"channel":"sight","layer":"surface_and_air"}]}},"physics":{"radius":9,"push_class":100},"transportable":{"size":1}}