{
	"base_spec": "/pa/units/land/base_structure/base_structure.json",
	"display_name": "Advanced Bot Factory",
	"description": "Advanced Factory: Builds advanced bots",
	"display_group": 75,
	"display_index": 85,
	"max_health": 10000,
	"build_metal_cost": 1500,
	"atrophy_rate": 50.0,
	"atrophy_cool_down": 30.0,
	"buildable_types": "Bot & Mobile & FactoryBuild & Advanced",
	"rolloff_dirs": [[0,
	1,
	0],
	[0,
	-1,
	0]],
	"wait_to_rolloff_time": 0,
	"factory_cooldown_time": 3,
	"storage": {
		"metal": 500
	},
	"unit_types": ["UNITTYPE_Factory",
	"UNITTYPE_Construction",
	"UNITTYPE_Land",
	"UNITTYPE_Bot",
	"UNITTYPE_Structure",
	"UNITTYPE_Advanced"],
	"command_caps": ["ORDER_Move",
	"ORDER_Patrol",
	"ORDER_FactoryBuild",
	"ORDER_Reclaim",
	"ORDER_Repair",
	"ORDER_Attack",
	"ORDER_Assist",
	"ORDER_Use"],
	"recon": {
		"observer": {
			"items": [{
				"layer": "surface_and_air",
				"channel": "sight",
				"shape": "capsule",
				"radius": 110
			}]
		}
	},
	"model": {
		"filename": "/pa/units/land/bot_factory_adv/bot_factory_adv.papa",
		"animations": {
			"build_start": "/pa/units/land/bot_factory_adv/bot_factory_adv_anim_start.papa",
			"build_loop": "/pa/units/land/bot_factory_adv/bot_factory_adv_anim_build.papa",
			"build_end": "/pa/units/land/bot_factory_adv/bot_factory_adv_anim_end.papa"
		},
		"animtree": "/pa/anim/anim_trees/factory.json",
		"skirt_decal": "/pa/effects/specs/skirt_bot_adv.json"
	},
	"tools": [{
		"spec_id": "/pa/units/land/bot_factory_adv/bot_factory_adv_build_arm.json",
		"aim_bone": "bone_root"
	}],
	"events": {
		"died": {
			"effect_scale": 1.5
		}
	},
	"audio": {
		"loops": {
			"build": {
				"cue": "/SE/Construction/Factory_contruction_loop_bot",
				"flag": "build_target_changed",
				"should_start_func": "has_build_target",
				"should_stop_func": "no_build_target"
			}
		}
	},
	"fx_offsets": [{
		"type": "build",
		"filename": "/pa/effects/specs/fab_spray.pfx",
		"bone": "socket_muzzle01",
		"offset": [0,
		0,
		0],
		"orientation": [0,
		0,
		0]
	},
	{
		"type": "build",
		"filename": "/pa/effects/specs/fab_spray.pfx",
		"bone": "socket_muzzle02",
		"offset": [0,
		0,
		0],
		"orientation": [0,
		0,
		0]
	},
	{
		"type": "build",
		"filename": "/pa/effects/specs/fab_spray.pfx",
		"bone": "socket_muzzle03",
		"offset": [0,
		0,
		0],
		"orientation": [0,
		0,
		0]
	}],
	"headlights": [{
		"gobo": "/pa/effects/textures/gobo/spotlight_gobo.papa",
		"offset": [-14.29,
		0.0,
		16.6],
		"orientation": [45.0,
		0.0,
		0.0],
		"near_width": 12.0,
		"near_height": 12.0,
		"near_distance": 5.0,
		"far_distance": 40.0,
		"color": [1.5,
		1.52,
		1.6],
		"intensity": 2.0,
		"debug": false
	}],
	"lamps": [{
		"offset": [-14.29,
		0.0,
		16.0],
		"radius": 4.0,
		"color": [1.0,
		1.0,
		1.0],
		"intensity": 2.0
	},
	{
		"offset": [-14.29,
		0.0,
		17.2],
		"radius": 4.0,
		"color": [1.0,
		1.0,
		1.0],
		"intensity": 2.0
	},
	{
		"offset": [19.0,
		0.0,
		9.67],
		"radius": 8.0,
		"color": [0.1,
		1.0,
		0.1],
		"intensity": 2.0
	},
	{
		"offset": [22.73,
		0.0,
		14.32],
		"radius": 8.0,
		"color": [0.1,
		1.0,
		0.1],
		"intensity": 2.0
	},
	{
		"offset": [-25.27,
		0.0,
		14.65],
		"radius": 4.0,
		"color": [1.0,
		0.0,
		0.0],
		"intensity": 2.0
	},
	{
		"offset": [-14.24,
		-19.53,
		7.0],
		"radius": 4.0,
		"color": [1.0,
		0.0,
		0.0],
		"intensity": 2.0
	}],
	"mesh_bounds": [50,
	50,
	30],
	"placement_size": [50,
	80],
	"area_build_separation": 7,
	"TEMP_texelinfo": 63.0516,
	"physics": {
		"collision_layers": "WL_AnyHorizontalGroundOrWaterSurface"
	}
}