{
  "max_health": 300,
  "events": {
    "build_complete": {
      "audio_cue": "/SE/Build_Complete/radar"
    },
    "died": {
      "effect_spec": "/pa/effects/specs/default_explosion.pfx",
      "audio_cue": "/SE/Death/radar"
    },
    "fired": {
      "audio_cue": "/SE/Weapons/air/bomber_fire"
    }
  },
  "consumption": {
    "energy": 300
  },
  "display_name": "ARKYD",
  "attachable": {
    "offsets": {
      "root": [
        0,
        0,
        0
      ]
    }
  },
  "description": "Orbital Radar Satellite: An orbital intelligence gathering platform. Uses Energy. Weak vs Skirmisher & Anti-Orbital",
  "build_metal_cost": 300,
  "TEMP_texelinfo": 10.6806,
  "gravwell_velocity_multiplier": 6,
  "unit_types": [
    "UNITTYPE_Mobile",
    "UNITTYPE_Orbital",
    "UNITTYPE_Basic",
    "UNITTYPE_Recon",
    "UNITTYPE_FactoryBuild"
  ],
  "command_caps": [
    "ORDER_Move",
    "ORDER_Patrol",
    "ORDER_Assist"
  ],
  "navigation": {
    "brake": 90,
    "acceleration": 5,
    "move_speed": 60,
    "hover_time": -1,
    "type": "orbital",
    "turn_speed": 90
  },
  "recon": {
    "observer": {
      "items": [
        {
          "layer": "surface_and_air",
          "channel": "radar",
          "shape": "capsule",
          "uses_energy": true,
          "radius": 400
        },
        {
          "radius": 100,
          "shape": "capsule",
          "channel": "sight",
          "layer": "surface_and_air"
        },
        {
          "channel": "radar",
          "layer": "orbital",
          "radius": 400,
          "uses_energy": true,
          "shape": "capsule"
        },
        {
          "channel": "sight",
          "layer": "orbital",
          "shape": "capsule",
          "radius": 200
        }
      ]
    }
  },
  "physics": {
    "radius": 5,
    "push_class": 50,
    "gravity_scalar": 0.001
  },
  "base_spec": "/pa/units/orbital/base_orbital/base_orbital.json",
  "mesh_bounds": [
    20,
    20,
    15
  ],
  "model": {
    "animations": {
      "closed": "/pa/units/orbital/radar_satellite/radar_satellite_anim_closed.papa",
      "deploy": "/pa/units/orbital/radar_satellite/radar_satellite_anim_deploy.papa",
      "open": "/pa/units/orbital/radar_satellite/radar_satellite_anim_open.papa"
    },
    "animtree": "/pa/anim/anim_trees/satellite_launched_anim_tree.json",
    "filename": "/pa/units/orbital/radar_satellite/radar_satellite.papa"
  },
  "system_velocity_multiplier": 6,
  "energy_efficiency_requirement": 0.9
}