{
  "base_spec": "/pa/tools/base_shell_turret/base_shell_turret.json",
  "ammo_id": "/pa/units/land/bot_sniper/bot_sniper_beam_ammo.json",
  "rate_of_fire": 0.2,
  "idle_aim_delay": 4,
  "max_range": 90,
  "yaw_rate": 360,
  "pitch_rate": 360,
  "yaw_range": 180,
  "pitch_range": 89,
  "spread_fire": true,
  "auto_attack": true,
  "manual_fire": true,
  "auto_task_type": "anti_entity",
  "anti_entity_targets": [
    "/pa/units/land/tactical_missile_launcher/tactical_missile_launcher_ammo.json",
    "/pa/units/sea/missile_ship/missile_ship_ammo.json",
    "/pa/units/land/bot_tactical_missile/bot_tactical_missile_ammo.json"
  ],
  "target_layers": [
    "WL_Air"
  ]
}