{
  "base_spec": "/pa/units/land/base_structure/base_structure.json",
  "display_name": "Halley",
  "description": "Delta V Engine - Used to move small to medium celestial bodies.",
  "display_group": 70,
  "display_index": 20,
  "max_health": 3500,
  "build_metal_cost": 15000,
  "atrophy_rate": 100,
  "atrophy_cool_down": 30,
  "spawn_layers": "WL_AnyHorizontalGroundOrWaterSurface",
  "unit_types": [
    "UNITTYPE_Orbital",
    "UNITTYPE_Factory",
    "UNITTYPE_Construction",
    "UNITTYPE_Structure",
    "UNITTYPE_Land",
    "UNITTYPE_Advanced",
    "UNITTYPE_FabAdvBuild"
  ],
  "orbital_thruster": {
    "power": 1
  },
  "recon": {
    "observer": {
      "items": [
        {
          "layer": "surface_and_air",
          "channel": "sight",
          "shape": "capsule",
          "radius": 100
        }
      ]
    }
  },
  "model": {
    "filename": "/pa/units/orbital/delta_v_engine/delta_v_engine.papa",
    "animations": {
      "start": "/pa/units/orbital/delta_v_engine/delta_v_engine_anim_start.papa",
      "loop": "/pa/units/orbital/delta_v_engine/delta_v_engine_anim_loop.papa",
      "end": "/pa/units/orbital/delta_v_engine/delta_v_engine_anim_end.papa"
    },
    "animtree": "/pa/anim/anim_trees/constant_idle_transition_anim_tree.json"
  },
  "audio": {
    "loops": {
      "enabled": {
        "cue": "/SE/Celestial/Planet_Engines_Loop",
        "flag": "enable_changed",
        "should_start_func": "is_enabled",
        "should_stop_func": "is_disabled"
      }
    }
  },
  "fx_offsets": [
    {
      "type": "enabled",
      "filename": "/pa/units/orbital/delta_v_engine/delta_v_jet.pfx",
      "offset": [
        0,
        0,
        21
      ],
      "orientation": [
        0,
        0,
        0
      ]
    }
  ],
  "headlights": [
    {
      "gobo": "/pa/effects/textures/gobo/spotlight_gobo.papa",
      "offset": [
        20.4,
        20.4,
        15.6
      ],
      "orientation": [
        25,
        -23,
        0
      ],
      "near_width": 5.5,
      "near_height": 5.5,
      "near_distance": 2.5,
      "far_distance": 30,
      "color": [
        1,
        1,
        1
      ],
      "intensity": 3
    },
    {
      "gobo": "/pa/effects/textures/gobo/spotlight_gobo.papa",
      "offset": [
        20.4,
        -20.4,
        15.6
      ],
      "orientation": [
        25,
        23,
        0
      ],
      "near_width": 5.5,
      "near_height": 5.5,
      "near_distance": 2.5,
      "far_distance": 30,
      "color": [
        1,
        1,
        1
      ],
      "intensity": 3
    },
    {
      "gobo": "/pa/effects/textures/gobo/spotlight_gobo.papa",
      "offset": [
        -20.4,
        20.4,
        15.6
      ],
      "orientation": [
        -25,
        -23,
        0
      ],
      "near_width": 5.5,
      "near_height": 5.5,
      "near_distance": 2.5,
      "far_distance": 30,
      "color": [
        1,
        1,
        1
      ],
      "intensity": 3
    },
    {
      "gobo": "/pa/effects/textures/gobo/spotlight_gobo.papa",
      "offset": [
        -20.4,
        -20.4,
        15.6
      ],
      "orientation": [
        -25,
        23,
        0
      ],
      "near_width": 5.5,
      "near_height": 5.5,
      "near_distance": 2.5,
      "far_distance": 30,
      "color": [
        1,
        1,
        1
      ],
      "intensity": 3
    }
  ],
  "lamps": [
    {
      "offset": [
        -21.39,
        9.9,
        11.25
      ],
      "radius": 4,
      "color": [
        1,
        0,
        0
      ],
      "intensity": 2
    },
    {
      "offset": [
        -21.39,
        -9.9,
        11.25
      ],
      "radius": 4,
      "color": [
        1,
        0,
        0
      ],
      "intensity": 2
    },
    {
      "offset": [
        25.44,
        0,
        12.4
      ],
      "radius": 4,
      "color": [
        1,
        0,
        0
      ],
      "intensity": 2
    },
    {
      "offset": [
        -23.8,
        0,
        14.7
      ],
      "radius": 3,
      "color": [
        1,
        1,
        1
      ],
      "intensity": 2
    },
    {
      "offset": [
        20.4,
        20.4,
        15.6
      ],
      "radius": 3,
      "color": [
        1,
        1,
        1
      ],
      "intensity": 2
    },
    {
      "offset": [
        20.4,
        -20.4,
        15.6
      ],
      "radius": 3,
      "color": [
        1,
        1,
        1
      ],
      "intensity": 2
    },
    {
      "offset": [
        -20.4,
        20.4,
        15.6
      ],
      "radius": 3,
      "color": [
        1,
        1,
        1
      ],
      "intensity": 2
    },
    {
      "offset": [
        -20.4,
        -20.4,
        15.6
      ],
      "radius": 3,
      "color": [
        1,
        1,
        1
      ],
      "intensity": 2
    },
    {
      "offset": [
        14.38,
        0,
        2
      ],
      "radius": 3,
      "color": [
        1,
        1,
        1
      ],
      "intensity": 2,
      "bone": "bone_cross01"
    },
    {
      "offset": [
        14.38,
        0,
        2
      ],
      "radius": 3,
      "color": [
        1,
        1,
        1
      ],
      "intensity": 2,
      "bone": "bone_cross02"
    },
    {
      "offset": [
        14.38,
        0,
        2
      ],
      "radius": 3,
      "color": [
        1,
        1,
        1
      ],
      "intensity": 2,
      "bone": "bone_cross03"
    },
    {
      "offset": [
        14.38,
        0,
        2
      ],
      "radius": 3,
      "color": [
        1,
        1,
        1
      ],
      "intensity": 2,
      "bone": "bone_cross04"
    }
  ],
  "TEMP_texelinfo": 77.8386,
  "mesh_bounds": [
    50.0454,
    50.0306,
    45.4724
  ],
  "physics": {
    "collision_layers": "WL_AnyHorizontalGroundOrWaterSurface"
  }
}