{"model":{"filename":"/pa/units/land/amphibious_bot/amphibious_bot.papa","walk_speed":8.4545,"animtree":"/pa/anim/anim_trees/bipedal_mech.json","animations":{"aim_up":"/pa/units/land/amphibious_bot/amphibious_bot_anim_aim_up.papa","aim_down":"/pa/units/land/amphibious_bot/amphibious_bot_anim_aim_dwn.papa","walk":"/pa/units/land/amphibious_bot/amphibious_bot_anim_run.papa","death01":"/pa/units/land/amphibious_bot/amphibious_bot_anim_death01.papa"}},"mesh_bounds":[3.59127,2.45547,3.58814],"audio":{"loops":{"move":{"flag":"vel_changed","should_stop_func":"is_not_moving","cue":"/SE/Movement/bot/assault_loop","should_start_func":"is_moving"}}},"display_index":80,"guard_layer":"WL_AnySurface","physics":{"radius":2,"air_friction":0.5,"push_class":2},"base_spec":"/pa/units/land/base_bot/base_bot.json","recon":{"observer":{"items":[{"shape":"capsule","radius":85,"channel":"sight","layer":"surface_and_air"}]}},"unit_types":["UNITTYPE_Bot","UNITTYPE_Mobile","UNITTYPE_Land","UNITTYPE_Basic"],"navigation":{"move_speed":12,"turn_speed":720,"type":"land-small","dodge_radius":15,"brake":150,"acceleration":150,"wobble_speed":0.2,"wobble_factor":0.1,"dodge_multiplier":1},"tools":[{"aim_bone":"socket_aim","muzzle_bone":"socket_rightMuzzle","spec_id":"/pa/units/land/amphibious_bot/amphibious_bot_tool_weapon.json"},{"spec_id":"/pa/units/land/amphibious_bot/amphibious_bot_tool_weapon.json","muzzle_bone":"socket_leftMuzzle","aim_bone":"socket_aim"}],"TEMP_texelinfo":4.07719,"guard_radius":90,"build_metal_cost":180,"description":"Assault: Anti-land and anti-ship lasers","display_name":"Dox","events":{"build_complete":{"audio_cue":"/SE/Build_Complete/bot"},"firing":{"audio_cue":"/SE/Weapons/bot/assault_fire","effect_spec":"/pa/effects/specs/default_small_muzzle_flash.pfx socket_rightMuzzle /pa/effects/specs/default_small_muzzle_flash.pfx socket_leftMuzzle"},"died":{"effect_spec":"/pa/effects/specs/default_explosion.pfx","effect_scale":0.5,"audio_cue":"/SE/Death/Bot"}},"max_health":160,"display_group":40}