{
    "base_spec": "/pa/ammo/base_ammo/base_ammo.json",
    "armor_damage_map": {
        "AT_Structure": 1
    },
	"flight_type": "Seeking",
    "model": {
        "filename": "/pa/units/air/atoa_missile/atoa_missile.papa"
    },
    "fx_trail": {
        "filename": "/pa/units/air/missile_tactical/missile_tactical_trail.pfx",
        "offset": [
            0,
            2.2,
            0
        ]
    },
	"physics": {
        "radius": 1,
        "push_class": 1,
        "gravity_scalar": 5,
        "ignore_gravity": true,
        "add_to_spatial_db": false
    },
    "events": {
        "died": {
            "audio_cue": "/SE/Impacts/missile_tactical",
            "effect_spec": "/pa/effects/specs/default_proj_explosion.pfx"
        }
    },
    "lifetime": 30,
    "initial_velocity": 155,
    "max_velocity": 155,
    "turn_rate": 270
}