{
  "base_spec": "/pa/tools/laser/gattling.json",
  "ammo_id": "/pa/units/land_vehicles/tank_gattling/tank_gattling_ammo.json",
  "rate_of_fire": 5,
  "idle_aim_delay":3,
  "max_range": 105,
  "yaw_rate": 360,
  "pitch_rate": 360,
  "yaw_range": 360,
  "pitch_range": 40,
  "auto_attack": true,
  "firing_standard_deviation": 1,
  "target_layers": [
    "WL_LandHorizontal",
    "WL_Seafloor",
    "WL_WaterSurface",
    "WL_Air"
  ],
  "target_priorities": [
    "Air",
	"Bot",
    "Mobile",
    "Naval",
    "Structure - Wall",
    "Wall"
  ]
}