{"display_name":"Base Structure","description":"Base Structure Description - If you're seeing this, something is wrong in your structure.","display_group":99,"display_index":99,"max_health":1,"wreckage_health_frac":1.0,"build_metal_cost":1,"spawn_layers":"WL_LandHorizontal","armor_type":"AT_Structure","unit_types":["UNITTYPE_Structure","UNITTYPE_NoBuild"],"physics":{"type":"Structure","shape":"Box","collision_layers":"WL_AnyHorizontalGroundOrWaterSurface","radius":1,"push_class":255,"air_friction":1.0,"allow_pushing":false,"push_sideways":false,"allow_underground":false,"ignore_collisions":false},"recon":{"observable":{"layer":"surface_and_air","show_ghost":true},"observer":{"items":[{"layer":"surface_and_air","channel":"sight","shape":"capsule","radius":100}]}},"events":{"build_complete":{"audio_cue":"/SE/Build_Complete/factory"},"firing":{"audio_cue":"/SE/Weapons/base/base_fire_laser"},"died":{"audio_cue":"/SE/Death/Factory","effect_spec":"/pa/effects/specs/default_building_explosion.pfx"}},"death":{"decals":["/pa/effects/specs/scorch_b_01.json"]},"TEMP_texelinfo":1.0}