{
  "TEMP_texelinfo": 17.7177,
  "tools": [
    {
      "aim_bone": "bone_recoil01",
      "spec_id": "/pa/units/orbital/orbital_fighter/orbital_fighter_tool_weapon.json",
      "muzzle_bone": "bone_recoil01"
    }
  ],
  "guard_radius": 550,
  "guard_layer": "WL_Orbital",
  "build_metal_cost": 1500,
  "gravwell_velocity_multiplier": 6,
  "unit_types": [
    "UNITTYPE_Mobile",
    "UNITTYPE_Orbital",
    "UNITTYPE_Advanced",
    "UNITTYPE_FactoryBuild"
  ],
  "command_caps": [
    "ORDER_Move",
    "ORDER_Patrol",
    "ORDER_Attack",
    "ORDER_Assist"
  ],
  "navigation": {
    "aggressive_distance": 400,
    "type": "orbital",
    "bank_factor": 1,
    "turn_speed": 30,
    "move_speed": 60,
    "aggressive_behavior": "circle",
    "circle_min_time": 1,
    "hover_time": -1,
    "acceleration": 10,
    "brake": 90
  },
  "fx_offsets": [
    {
      "type": "moving",
      "bone": "bone_body",
      "offset": [
        0,
        8.9,
        0
      ],
      "filename": "/pa/units/air/gunship/gunship_jets.pfx",
      "orientation": [
        0,
        0,
        0
      ]
    }
  ],
  "max_health": 100,
  "events": {
    "died": {
      "audio_cue": "/SE/Death/orbital",
      "effect_spec": "/pa/effects/specs/default_explosion.pfx"
    },
    "build_complete": {
      "audio_cue": "/SE/Build_Complete/orbital"
    },
    "fired": {
      "effect_spec": "/pa/effects/specs/default_muzzle_flash.pfx socket_muzzle",
      "audio_cue": "/SE/Weapons/orb/orb_fighter_fire"
    }
  },
  "attachable": {
    "offsets": {
      "root": [
        0,
        0,
        0
      ]
    }
  },
  "display_name": "Aurora",
  "description": "Long-Range Heavy-Hitter Fighter: Armed with a slow-firing laser. Uses energy. Weak against Flanker & Swarm",
  "model": {
    "filename": "/pa/units/orbital/orbital_fighter/orbital_fighter.papa",
    "animtree": "/pa/anim/anim_trees/orbital_fighter_anim_tree.json",
    "animations": {
      "closed": "/pa/units/orbital/orbital_fighter/orbital_fighter_anim_closed.papa",
      "deploy": "/pa/units/orbital/orbital_fighter/orbital_fighter_anim_deploy.papa"
    }
  },
  "system_velocity_multiplier": 6,
  "physics": {
    "push_class": 15,
    "gravity_scalar": 0.001,
    "radius": 5
  },
  "spawn_layers": "WL_Orbital",
  "base_spec": "/pa/units/orbital/base_orbital/base_orbital.json",
  "recon": {
    "observer": {
      "items": [
        {
          "layer": "orbital",
          "channel": "sight",
          "shape": "sphere",
          "radius": 400
        }
      ]
    }
  },
  "wreckage_health_frac": 0,
  "mesh_bounds": [
    18,
    18,
    15
  ]
}