{
  "base_spec": "/pa/tools/base_shell_turret/base_shell_turret.json",
  "ammo_id": "/pa/units/land/bot_sniper/bot_sniper_ammo.json",
  "rate_of_fire": 0.75,
  "idle_aim_delay": 1,
  "max_range": 500,
  "ammo_source": "energy",
  "ammo_capacity": 1500,
  "ammo_demand": 250,
  "ammo_per_shot": 1500,
  "pitch_rate": 360,
  "yaw_rate": 360,
  "spread_fire": true,
  "auto_attack": true,
  "yaw_range": 5,
  "pitch_range": 45,
  "firing_arc_yaw": 0,
  "firing_arc_pitch": 0,
  "target_layers": [
    "WL_Orbital"
  ],
  "target_priorities": [
    "Orbital"
  ]
}