{
  "buildable_types": "(Air & Mobile & Basic | Air & Fabber & Basic & Mobile) & FactoryBuild",
  "factory_cooldown_time": 2,
  "placement_size": [
    30,
    30
  ],
  "display_name": "Air Factory",
  "wait_to_rolloff_time": 0,
  "events": {
    "died": {
      "effect_scale": 1
    }
  },
  "base_spec": "/pa/units/land/base_structure/base_structure.json",
  "lamps": [
    {
      "color": [
        0.1,
        1,
        0.1
      ],
      "radius": 8,
      "offset": [
        4,
        -11.1,
        6
      ],
      "intensity": 2
    },
    {
      "offset": [
        -4,
        -11.1,
        6
      ],
      "intensity": 2,
      "radius": 8,
      "color": [
        0.1,
        1,
        0.1
      ]
    },
    {
      "radius": 4,
      "color": [
        1,
        0,
        0
      ],
      "intensity": 2,
      "offset": [
        5,
        14.12,
        4.54
      ]
    }
  ],
  "physics": {
    "collision_layers": "WL_AnyHorizontalGroundOrWaterSurface"
  },
  "mesh_bounds": [
    30,
    30,
    30
  ],
  "rolloff_dirs": [
    [
      1,
      0,
      0
    ],
    [
      -1,
      0,
      0
    ],
    [
      0,
      1,
      0
    ],
    [
      0,
      -1,
      0
    ]
  ],
  "display_group": 70,
  "fx_offsets": [
    {
      "orientation": [
        0,
        0,
        -45
      ],
      "offset": [
        -6.45,
        6.45,
        0
      ],
      "type": "build",
      "filename": "/pa/effects/specs/fab_spray.pfx",
      "bone": "bone_outsideRing"
    },
    {
      "offset": [
        6.45,
        6.45,
        0
      ],
      "orientation": [
        0,
        0,
        45
      ],
      "bone": "bone_outsideRing",
      "type": "build",
      "filename": "/pa/effects/specs/fab_spray.pfx"
    },
    {
      "orientation": [
        0,
        0,
        135
      ],
      "offset": [
        6.45,
        -6.45,
        0
      ],
      "type": "build",
      "filename": "/pa/effects/specs/fab_spray.pfx",
      "bone": "bone_outsideRing"
    },
    {
      "bone": "bone_outsideRing",
      "filename": "/pa/effects/specs/fab_spray.pfx",
      "type": "build",
      "offset": [
        -6.45,
        -6.45,
        0
      ],
      "orientation": [
        0,
        0,
        -135
      ]
    }
  ],
  "spawn_layers": "WL_AnyHorizontalGroundOrWaterSurface",
  "death": {
    "decals": [
      "/pa/effects/specs/scorch_c_01.json"
    ]
  },
  "storage": {
    "metal": 500
  },
  "atrophy_cool_down": 30,
  "display_index": 60,
  "max_health": 2000,
  "area_build_separation": 3,
  "build_metal_cost": 500,
  "headlights": [
    {
      "near_distance": 1,
      "near_width": 2.4,
      "gobo": "/pa/effects/textures/gobo/spotlight_gobo.papa",
      "far_distance": 15,
      "color": [
        1.5,
        1.52,
        1.6
      ],
      "bone": "bone_platform",
      "orientation": [
        -35,
        31,
        0
      ],
      "near_height": 2.4,
      "offset": [
        5.67,
        5.67,
        2.5
      ],
      "intensity": 3
    },
    {
      "gobo": "/pa/effects/textures/gobo/spotlight_gobo.papa",
      "near_width": 2.4,
      "near_distance": 1,
      "far_distance": 15,
      "bone": "bone_platform",
      "color": [
        1.5,
        1.52,
        1.6
      ],
      "intensity": 3,
      "offset": [
        5.67,
        -5.67,
        2.5
      ],
      "near_height": 2.4,
      "orientation": [
        -35,
        -31,
        0
      ]
    },
    {
      "bone": "bone_platform",
      "color": [
        1.5,
        1.52,
        1.6
      ],
      "intensity": 3,
      "offset": [
        -5.67,
        5.67,
        2.5
      ],
      "near_height": 2.4,
      "orientation": [
        35,
        31,
        0
      ],
      "gobo": "/pa/effects/textures/gobo/spotlight_gobo.papa",
      "near_width": 2.4,
      "near_distance": 1,
      "far_distance": 15
    },
    {
      "far_distance": 15,
      "near_width": 2.4,
      "near_distance": 1,
      "gobo": "/pa/effects/textures/gobo/spotlight_gobo.papa",
      "near_height": 2.4,
      "orientation": [
        35,
        -31,
        0
      ],
      "intensity": 3,
      "offset": [
        -5.67,
        -5.67,
        2.5
      ],
      "color": [
        1.5,
        1.52,
        1.6
      ],
      "bone": "bone_platform"
    }
  ],
  "recon": {
    "observer": {
      "items": [
        {
          "layer": "surface_and_air",
          "radius": 100,
          "channel": "sight",
          "shape": "capsule"
        }
      ]
    }
  },
  "description": "Factory: Builds air units",
  "atrophy_rate": 10,
  "model": [
    {
      "animtree": "/pa/anim/anim_trees/factory_anim_tree.json",
      "filename": "/pa/units/air/air_factory/air_factory.papa",
      "animations": {
        "build_end": "/pa/units/air/air_factory/air_factory_anim_end.papa",
        "build_start": "/pa/units/air/air_factory/air_factory_anim_start.papa",
        "build_loop": "/pa/units/air/air_factory/air_factory_anim_build.papa"
      },
      "layer": "WL_LandHorizontal",
      "skirt_decal": "/pa/effects/specs/skirt_air.json"
    },
    {
      "animations": {
        "build_start": "/pa/units/air/air_factory/air_factory_anim_start.papa",
        "build_loop": "/pa/units/air/air_factory/air_factory_anim_build.papa",
        "build_end": "/pa/units/air/air_factory/air_factory_anim_end.papa"
      },
      "layer": "WL_WaterSurface",
      "filename": "/pa/units/sea/air_factory/air_factory.papa",
      "animtree": "/pa/anim/anim_trees/factory_anim_tree.json"
    }
  ],
  "TEMP_texelinfo": 37.6046,
  "command_caps": [
    "ORDER_Move",
    "ORDER_Patrol",
    "ORDER_FactoryBuild",
    "ORDER_Reclaim",
    "ORDER_Repair",
    "ORDER_Attack",
    "ORDER_Assist"
  ],
  "audio": {
    "loops": {
      "build": {
        "flag": "build_target_changed",
        "should_start_func": "has_build_target",
        "should_stop_func": "no_build_target",
        "cue": "/SE/Construction/Factory_contruction_loop_air"
      }
    }
  },
  "unit_types": [
    "UNITTYPE_Factory",
    "UNITTYPE_Construction",
    "UNITTYPE_Air",
    "UNITTYPE_Structure",
    "UNITTYPE_Basic",
    "UNITTYPE_CmdBuild",
    "UNITTYPE_FabBuild",
    "UNITTYPE_FabAdvBuild"
  ],
  "tools": [
    {
      "spec_id": "/pa/units/air/air_factory/air_factory_build_arm.json",
      "aim_bone": "bone_root"
    }
  ]
}