{"ammo_type":"AMMO_Projectile","flight_type":"Direct","spawn_layers":"WL_Air","fx_trail":{"filename":"/pa/effects/specs/laser_blast_proj_trail.pfx","offset":[0.0,0.8,0.0]},"physics":{"radius":1,"push_class":1,"gravity_scalar":5,"ignore_gravity":true,"add_to_spatial_db":false,"allow_underground":true},"events":{"died":{"audio_cue":"/SE/Impacts/laser_blast","effect_spec":"/pa/effects/specs/default_proj_explosion.pfx"}},"damage":75,"splash_damage":0,"splash_radius":0,"lifetime":7,"initial_velocity":110.0}