{"TEMP_texelinfo":28.8281,"guard_radius":460,"tools":[{"spec_id":"/pa/units/sea/missile_ship/missile_ship_tool_weapon.json","muzzle_bone":["socket_missile_muzzle001","socket_missile_muzzle002","socket_missile_muzzle005","socket_missile_muzzle006"],"aim_bone":"socket_missile_aim"},{"muzzle_bone":["socket_missile_muzzle003","socket_missile_muzzle004","socket_missile_muzzle007","socket_missile_muzzle008"],"spec_id":"/pa/units/sea/missile_ship/missile_ship_aa_tool_weapon.json","aim_bone":"socket_missile_aim"}],"build_metal_cost":8640,"navigation":{"acceleration":1,"brake":0.25,"type":"water","turn_speed":15,"move_speed":5},"unit_types":["UNITTYPE_Naval","UNITTYPE_Mobile","UNITTYPE_Advanced","UNITTYPE_Tactical","UNITTYPE_FactoryBuild"],"display_group":20,"max_health":2000,"events":{"died":{"audio_cue":"/SE/Death/Sea"},"firing":{"audio_cue":"/SE/Weapons/sea/T2_missile_ship_fire"},"build_complete":{"audio_cue":"/SE/Build_Complete/sea"}},"display_name":"Stingray","description":"Artillery Class: Long range guided missiles","nearby_target_tick_update_interval":20,"model":{"arrows":5,"filename":"/pa/units/sea/missile_ship/missile_ship.papa"},"spawn_layers":"WL_WaterSurface","physics":{"push_class":2,"radius":12},"base_spec":"/pa/units/sea/base_ship/base_ship.json","recon":{"observer":{"items":[{"layer":"surface_and_air","channel":"sight","shape":"capsule","radius":200}]}},"guard_layer":"WL_AnySurface","audio":{"loops":{"move":{"flag":"vel_changed","should_stop_func":"is_not_moving","should_start_func":"is_moving","cue":"/SE/Movement/sea/T2_missile_ship_loop"}}},"display_index":80,"mesh_bounds":[10,50,10]}