{
  "build_list": [
    {
      "build_conditions": [
        [
          {
            "boolean": false, 
            "string0": "BuilderAssist", 
            "test_type": "OnTaskType"
          }
        ]
      ], 
      "builders": [
        "Commander", 
        "AnyBasicFabber", 
        "AnyAdvancedFabber", 
        "OrbitalFabber"
      ], 
      "instance_count": -1, 
      "name": "Fabber Assist", 
      "priority": 1, 
      "task_type": "BuilderAssist"
    }, 
    {
      "build_conditions": [
        [
          {
            "boolean": true, 
            "test_type": "ThisPlanetNeedsLandUnitAssistance"
          }, 
          {
            "boolean": true, 
            "test_type": "OtherPlanetCanProvideLandUnitAssistance"
          }, 
          {
            "compare0": "<", 
            "test_type": "UnitCountOnPlanet", 
            "unit_type_string0": "Structure & Teleporter", 
            "value0": 1
          }
        ], 
        [
          {
            "boolean": true, 
            "test_type": "OtherPlanetNeedsLandUnitAssistance"
          }, 
          {
            "compare0": "<", 
            "string0": "Land", 
            "string1": "Land", 
            "test_type": "PlanetThreatRatio", 
            "value0": 0.8
          }, 
          {
            "compare0": "<", 
            "test_type": "UnitCountOnPlanet", 
            "unit_type_string0": "Structure & Teleporter", 
            "value0": 1
          }
        ], 
        [
          {
            "boolean": true, 
            "test_type": "WantCommanderOffPlanet"
          }, 
          {
            "boolean": true, 
            "test_type": "PresenceOnOtherPlanet"
          }, 
          {
            "compare0": "<", 
            "test_type": "UnitCountOnPlanet", 
            "unit_type_string0": "Structure & Teleporter", 
            "value0": 1
          }
        ]
      ], 
      "builders": [
        "Commander", 
        "AnyBasicFabber", 
        "AnyAdvancedFabber", 
        "OrbitalFabber"
      ], 
      "instance_count": 1, 
      "max_num_assisters": 5, 
      "min_num_assisters": 3, 
      "name": "Teleporter - Need Land", 
      "placement_rules": {
        "buffer": 6, 
        "placement_type": "FromBaseCenter", 
        "threat": {
          "compare_type": "<", 
          "influence_type": "AntiSurface", 
          "radius": 10, 
          "value": 50
        }
      }, 
      "priority": 480, 
      "shared_instance_count": "Teleporter", 
      "to_build": "Teleporter"
    }, 
    {
      "build_conditions": [
        [
          {
            "boolean": true, 
            "test_type": "PlanetWithoutPresenceWithTeleporter"
          }, 
          {
            "compare0": ">", 
            "test_type": "UnitCountOnPlanet", 
            "unit_type_string0": "Structure & Teleporter", 
            "value0": 0
          }, 
          {
            "compare0": ">=", 
            "test_type": "UnitCountOnPlanet", 
            "unit_type_string0": "Fabber - Air", 
            "value0": 2
          }
        ]
      ], 
      "builders": [
        "BasicBotFabber", 
        "BasicVehicleFabber", 
        "AdvancedBotFabber", 
        "AdvancedVehicleFabber"
      ], 
      "instance_count": 1, 
      "name": "Teleport Fabber To Planet", 
      "priority": 801, 
      "task_type": "TeleportFabberToPlanet"
    }
  ]
}