{
  "build_list": [
    {
      "base_sort": "FromPerimeter", 
      "build_conditions": [
        [
          {
            "test_type": "CanAffordBuildDemand"
          }, 
          {
            "compare0": ">=", 
            "test_type": "DistFromMainBase", 
            "value0": 200
          }, 
          {
            "compare0": "<", 
            "test_type": "UnitCountInBase", 
            "unit_type_string0": "Structure & Basic & AirDefense", 
            "value0": 1
          }, 
          {
            "compare0": ">=", 
            "test_type": "UnitCountInBase", 
            "unit_type_string0": "Structure & MetalProduction", 
            "value0": 3
          }, 
          {
            "string0": "BasicAirDefense", 
            "test_type": "CanFindPlaceToBuild"
          }
        ]
      ], 
      "builders": [
        "AnyBasicFabber"
      ], 
      "instance_count": 1, 
      "name": "Basic Air Defense - Mex", 
      "placement_rules": {
        "buffer": 2, 
        "placement_type": "FromMainBasePerimeter", 
        "unit_count_rules": [
          {
            "alliance": "Ally", 
            "compare_type": ">=", 
            "count": 1, 
            "range": 50, 
            "unit_type_string": "Structure & MetalProduction"
          }, 
          {
            "alliance": "Ally", 
            "compare_type": "<", 
            "count": 1, 
            "range": 100, 
            "unit_type_string": "Structure & Basic & AirDefense"
          }
        ]
      }, 
      "priority": 250, 
      "shared_instance_count": "BasicAirDefense", 
      "to_build": "BasicAirDefense"
    }, 
    {
      "base_sort": "FromPerimeter", 
      "build_conditions": [
        [
          {
            "test_type": "CanAffordBuildDemand"
          }, 
          {
            "compare0": ">=", 
            "test_type": "DistFromMainBase", 
            "value0": 350
          }, 
          {
            "compare0": "<", 
            "test_type": "UnitCountInBase", 
            "unit_type_string0": "Structure & Basic & SurfaceDefense", 
            "value0": 1
          }, 
          {
            "compare0": ">=", 
            "test_type": "UnitCountInBase", 
            "unit_type_string0": "Structure & MetalProduction", 
            "value0": 3
          }, 
          {
            "string0": "BasicLandDefenseSingle", 
            "test_type": "CanFindPlaceToBuild"
          }
        ]
      ], 
      "builders": [
        "AnyBasicFabber"
      ], 
      "instance_count": 1, 
      "name": "Basic Land Defense Single - Mex", 
      "placement_rules": {
        "buffer": 2, 
        "placement_type": "FromMainBasePerimeter", 
        "unit_count_rules": [
          {
            "alliance": "Ally", 
            "compare_type": ">=", 
            "count": 1, 
            "range": 50, 
            "unit_type_string": "Structure & MetalProduction"
          }, 
          {
            "alliance": "Ally", 
            "compare_type": "<", 
            "count": 1, 
            "range": 100, 
            "unit_type_string": "Structure & Basic & SurfaceDefense"
          }
        ]
      }, 
      "priority": 250, 
      "shared_instance_count": "BasicLandDefense", 
      "to_build": "BasicLandDefenseSingle"
    }, 
    {
      "base_sort": "FromPerimeter", 
      "build_conditions": [
        [
          {
            "test_type": "CanAffordBuildDemand"
          }, 
          {
            "compare0": "<", 
            "test_type": "UnitCountInBase", 
            "unit_type_string0": "Structure & Basic & AirDefense", 
            "value0": 1
          }, 
          {
            "compare0": ">=", 
            "test_type": "UnitCountInBase", 
            "unit_type_string0": "Structure & (EnergyProduction | Factory)", 
            "value0": 5
          }, 
          {
            "string0": "BasicAirDefense", 
            "test_type": "CanFindPlaceToBuild"
          }
        ], 
        [
          {
            "test_type": "CanAffordBuildDemand"
          }, 
          {
            "compare0": "<", 
            "test_type": "UnitCountInBase", 
            "unit_type_string0": "Structure & Basic & AirDefense", 
            "value0": 1
          }, 
          {
            "compare0": ">=", 
            "test_type": "UnitCountInBase", 
            "unit_type_string0": "Structure & (Tactical | Artillery)", 
            "value0": 1
          }, 
          {
            "string0": "BasicAirDefense", 
            "test_type": "CanFindPlaceToBuild"
          }
        ]
      ], 
      "builders": [
        "AnyBasicFabber"
      ], 
      "instance_count": 1, 
      "name": "Basic Air Defense", 
      "placement_rules": {
        "buffer": 2, 
        "placement_type": "FromMainBasePerimeter", 
        "unit_count_rules": [
          {
            "alliance": "Ally", 
            "compare_type": ">=", 
            "count": 1, 
            "range": 50, 
            "unit_type_string": "Structure & (EnergyProduction | Factory | Tactical | Artillery)"
          }, 
          {
            "alliance": "Ally", 
            "compare_type": "<", 
            "count": 1, 
            "range": 50, 
            "unit_type_string": "Structure & Basic & AirDefense"
          }
        ]
      }, 
      "priority": 85, 
      "shared_instance_count": "BasicAirDefense", 
      "to_build": "BasicAirDefense"
    }, 
    {
      "base_sort": "FromPerimeter", 
      "build_conditions": [
        [
          {
            "test_type": "CanAffordBuildDemand"
          }, 
          {
            "compare0": "<", 
            "test_type": "UnitCountInBase", 
            "unit_type_string0": "Structure & Basic & AirDefense", 
            "value0": 4
          }, 
          {
            "compare0": ">", 
            "string0": "Air", 
            "string1": "AntiAir", 
            "test_type": "PlanetThreatRatio", 
            "value0": 1.0
          }, 
          {
            "compare0": ">=", 
            "test_type": "UnitCountInBase", 
            "unit_type_string0": "Structure & (EnergyProduction | Factory)", 
            "value0": 5
          }, 
          {
            "string0": "BasicAirDefense", 
            "test_type": "CanFindPlaceToBuild"
          }
        ]
      ], 
      "builders": [
        "Commander", 
        "AnyBasicFabber"
      ], 
      "instance_count": 1, 
      "name": "Basic Air Defense - Threat", 
      "placement_rules": {
        "buffer": 2, 
        "placement_type": "FromMainBaseCenter", 
        "unit_count_rules": [
          {
            "alliance": "Ally", 
            "compare_type": ">=", 
            "count": 1, 
            "range": 50, 
            "unit_type_string": "Structure & (EnergyProduction | Factory | Tactical | Artillery)"
          }, 
          {
            "alliance": "Ally", 
            "compare_type": "<", 
            "count": 2, 
            "range": 75, 
            "unit_type_string": "Structure & Basic & AirDefense"
          }
        ]
      }, 
      "priority": 251, 
      "shared_instance_count": "BasicAirDefense", 
      "to_build": "BasicAirDefense"
    }, 
    {
      "base_sort": "FromPerimeter", 
      "build_conditions": [
        [
          {
            "test_type": "CanAffordBuildDemand"
          }, 
          {
            "compare0": "<", 
            "test_type": "UnitCountInBase", 
            "unit_type_string0": "Structure & Basic & SurfaceDefense", 
            "value0": 1
          }, 
          {
            "compare0": ">=", 
            "test_type": "UnitCountInBase", 
            "unit_type_string0": "Structure & (EnergyProduction | Factory)", 
            "value0": 5
          }, 
          {
            "boolean": false, 
            "test_type": "HaveSeenEnemyUnits", 
            "unit_type_string0": "Mobile & Land & Advanced"
          }, 
          {
            "string0": "BasicLandDefenseSingle", 
            "test_type": "CanFindPlaceToBuild"
          }
        ], 
        [
          {
            "test_type": "CanAffordBuildDemand"
          }, 
          {
            "compare0": "<", 
            "test_type": "UnitCountInBase", 
            "unit_type_string0": "Structure & Basic & SurfaceDefense", 
            "value0": 1
          }, 
          {
            "compare0": ">=", 
            "test_type": "UnitCountInBase", 
            "unit_type_string0": "Structure & (Tactical | Artillery)", 
            "value0": 1
          }, 
          {
            "boolean": false, 
            "test_type": "HaveSeenEnemyUnits", 
            "unit_type_string0": "Mobile & Land & Advanced"
          }, 
          {
            "string0": "BasicLandDefenseSingle", 
            "test_type": "CanFindPlaceToBuild"
          }
        ]
      ], 
      "builders": [
        "AnyBasicFabber"
      ], 
      "instance_count": 1, 
      "name": "Basic Land Defense Single", 
      "placement_rules": {
        "buffer": 2, 
        "placement_type": "FromMainBasePerimeter", 
        "unit_count_rules": [
          {
            "alliance": "Ally", 
            "compare_type": ">=", 
            "count": 1, 
            "range": 50, 
            "unit_type_string": "Structure & (EnergyProduction | Factory | Tactical | Artillery)"
          }, 
          {
            "alliance": "Ally", 
            "compare_type": "<", 
            "count": 1, 
            "range": 50, 
            "unit_type_string": "Structure & Basic & SurfaceDefense"
          }
        ]
      }, 
      "priority": 85, 
      "shared_instance_count": "BasicLandDefense", 
      "to_build": "BasicLandDefenseSingle"
    }, 
    {
      "base_sort": "FromPerimeter", 
      "build_conditions": [
        [
          {
            "test_type": "CanAffordBuildDemand"
          }, 
          {
            "compare0": "<", 
            "test_type": "UnitCountInBase", 
            "unit_type_string0": "Structure & Basic & SurfaceDefense", 
            "value0": 4
          }, 
          {
            "compare0": ">", 
            "string0": "Land", 
            "string1": "AntiSurface", 
            "test_type": "PlanetThreatRatio", 
            "value0": 1.0
          }, 
          {
            "compare0": ">=", 
            "test_type": "UnitCountInBase", 
            "unit_type_string0": "Structure & (EnergyProduction | Factory)", 
            "value0": 5
          }, 
          {
            "boolean": false, 
            "test_type": "HaveSeenEnemyUnits", 
            "unit_type_string0": "Mobile & Land & Advanced"
          }, 
          {
            "string0": "BasicLandDefenseSingle", 
            "test_type": "CanFindPlaceToBuild"
          }
        ]
      ], 
      "builders": [
        "Commander"
      ], 
      "instance_count": 1, 
      "name": "Basic Land Defense Single - Threat", 
      "placement_rules": {
        "buffer": 2, 
        "placement_type": "FromMainBaseCenter", 
        "unit_count_rules": [
          {
            "alliance": "Ally", 
            "compare_type": ">=", 
            "count": 1, 
            "range": 50, 
            "unit_type_string": "Structure & (EnergyProduction | Factory | Tactical | Artillery)"
          }, 
          {
            "alliance": "Ally", 
            "compare_type": "<", 
            "count": 2, 
            "range": 75, 
            "unit_type_string": "Structure & Basic & SurfaceDefense"
          }
        ]
      }, 
      "priority": 251, 
      "shared_instance_count": "BasicLandDefense", 
      "to_build": "BasicLandDefenseSingle"
    }, 
    {
      "base_sort": "FromPerimeter", 
      "build_conditions": [
        [
          {
            "test_type": "CanAffordBuildDemand"
          }, 
          {
            "compare0": "<", 
            "test_type": "UnitCountInBase", 
            "unit_type_string0": "Structure & Basic & SurfaceDefense", 
            "value0": 1
          }, 
          {
            "compare0": ">=", 
            "test_type": "UnitCountInBase", 
            "unit_type_string0": "Structure & (EnergyProduction | Factory)", 
            "value0": 5
          }, 
          {
            "string0": "BasicLandDefense", 
            "test_type": "CanFindPlaceToBuild"
          }
        ], 
        [
          {
            "test_type": "CanAffordBuildDemand"
          }, 
          {
            "compare0": "<", 
            "test_type": "UnitCountInBase", 
            "unit_type_string0": "Structure & Basic & SurfaceDefense", 
            "value0": 1
          }, 
          {
            "compare0": ">=", 
            "test_type": "UnitCountInBase", 
            "unit_type_string0": "Structure & (Tactical | Artillery)", 
            "value0": 1
          }, 
          {
            "string0": "BasicLandDefense", 
            "test_type": "CanFindPlaceToBuild"
          }
        ]
      ], 
      "builders": [
        "AnyBasicFabber"
      ], 
      "instance_count": 1, 
      "name": "Basic Land Defense", 
      "placement_rules": {
        "buffer": 2, 
        "placement_type": "FromMainBasePerimeter", 
        "unit_count_rules": [
          {
            "alliance": "Ally", 
            "compare_type": ">=", 
            "count": 1, 
            "range": 50, 
            "unit_type_string": "Structure & (EnergyProduction | Factory | Tactical | Artillery)"
          }, 
          {
            "alliance": "Ally", 
            "compare_type": "<", 
            "count": 1, 
            "range": 50, 
            "unit_type_string": "Structure & Basic & SurfaceDefense"
          }
        ]
      }, 
      "priority": 85, 
      "to_build": "BasicLandDefense"
    }, 
    {
      "base_sort": "FromPerimeter", 
      "build_conditions": [
        [
          {
            "test_type": "CanAffordBuildDemand"
          }, 
          {
            "compare0": "<", 
            "test_type": "UnitCountInBase", 
            "unit_type_string0": "Structure & Basic & SurfaceDefense", 
            "value0": 4
          }, 
          {
            "compare0": ">", 
            "string0": "Land", 
            "string1": "AntiSurface", 
            "test_type": "PlanetThreatRatio", 
            "value0": 1.0
          }, 
          {
            "compare0": ">=", 
            "test_type": "UnitCountInBase", 
            "unit_type_string0": "Structure & (EnergyProduction | Factory)", 
            "value0": 5
          }, 
          {
            "string0": "BasicLandDefense", 
            "test_type": "CanFindPlaceToBuild"
          }
        ]
      ], 
      "builders": [
        "AnyBasicFabber"
      ], 
      "instance_count": 1, 
      "name": "Basic Land Defense - Threat", 
      "placement_rules": {
        "buffer": 2, 
        "placement_type": "FromMainBaseCenter", 
        "unit_count_rules": [
          {
            "alliance": "Ally", 
            "compare_type": ">=", 
            "count": 1, 
            "range": 50, 
            "unit_type_string": "Structure & (EnergyProduction | Factory | Tactical | Artillery)"
          }, 
          {
            "alliance": "Ally", 
            "compare_type": "<", 
            "count": 2, 
            "range": 75, 
            "unit_type_string": "Structure & Basic & SurfaceDefense"
          }
        ]
      }, 
      "priority": 251, 
      "to_build": "BasicLandDefense"
    }, 
    {
      "build_conditions": [
        [
          {
            "test_type": "CanAffordBuildDemand"
          }, 
          {
            "compare0": "<", 
            "test_type": "UnitCountInBase", 
            "unit_type_string0": "Structure & Basic & Artillery", 
            "value0": 2
          }, 
          {
            "compare0": ">=", 
            "string0": "Enemy", 
            "test_type": "UnitCountAroundBase", 
            "unit_type_string0": "Structure", 
            "value0": 350, 
            "value1": 3
          }, 
          {
            "string0": "BasicArtillery", 
            "test_type": "CanFindPlaceToBuild"
          }
        ]
      ], 
      "builders": [
        "AnyBasicFabber"
      ], 
      "instance_count": 1, 
      "max_num_assisters": 5, 
      "min_num_assisters": 2, 
      "name": "Basic Artillery - Near Enemy", 
      "placement_rules": {
        "buffer": 2, 
        "placement_type": "FromMainBasePerimeter", 
        "threat": {
          "compare_type": "<", 
          "influence_type": "AntiSurface", 
          "radius": 10, 
          "value": 50
        }, 
        "unit_count_rules": [
          {
            "alliance": "Enemy", 
            "compare_type": ">=", 
            "count": 3, 
            "range": 260, 
            "unit_type_string": "Structure"
          }, 
          {
            "alliance": "Ally", 
            "compare_type": "<", 
            "count": 2, 
            "range": 75, 
            "unit_type_string": "Structure & Basic & Artillery"
          }
        ]
      }, 
      "priority": 245, 
      "to_build": "BasicArtillery"
    }, 
    {
      "base_sort": "FromPerimeter", 
      "build_conditions": [
        [
          {
            "test_type": "CanAffordBuildDemand"
          }, 
          {
            "compare0": "<", 
            "test_type": "UnitCountInBase", 
            "unit_type_string0": "Structure & Advanced & AirDefense", 
            "value0": 4
          }, 
          {
            "compare0": ">=", 
            "test_type": "UnitCountInBase", 
            "unit_type_string0": "Structure & (EnergyProduction | Factory)", 
            "value0": 5
          }, 
          {
            "boolean": true, 
            "test_type": "HaveSeenEnemyUnits", 
            "unit_type_string0": "Mobile & Air & Advanced"
          }, 
          {
            "string0": "AdvancedAirDefense", 
            "test_type": "CanFindPlaceToBuild"
          }
        ], 
        [
          {
            "test_type": "CanAffordBuildDemand"
          }, 
          {
            "compare0": "<", 
            "test_type": "UnitCountInBase", 
            "unit_type_string0": "Structure & Advanced & AirDefense", 
            "value0": 4
          }, 
          {
            "compare0": ">=", 
            "test_type": "UnitCountInBase", 
            "unit_type_string0": "Structure & (Tactical | Artillery)", 
            "value0": 1
          }, 
          {
            "boolean": true, 
            "test_type": "HaveSeenEnemyUnits", 
            "unit_type_string0": "Mobile & Air & Advanced"
          }, 
          {
            "string0": "AdvancedAirDefense", 
            "test_type": "CanFindPlaceToBuild"
          }
        ]
      ], 
      "builders": [
        "AnyAdvancedFabber"
      ], 
      "instance_count": 1, 
      "name": "Advanced Air Defense", 
      "placement_rules": {
        "buffer": 2, 
        "placement_type": "FromMainBasePerimeter", 
        "unit_count_rules": [
          {
            "alliance": "Ally", 
            "compare_type": ">=", 
            "count": 1, 
            "range": 50, 
            "unit_type_string": "Structure & (EnergyProduction | Factory | Tactical | Artillery)"
          }, 
          {
            "alliance": "Ally", 
            "compare_type": "<", 
            "count": 1, 
            "range": 50, 
            "unit_type_string": "Structure & Advanced & AirDefense"
          }
        ]
      }, 
      "priority": 255, 
      "to_build": "AdvancedAirDefense"
    }, 
    {
      "base_sort": "FromPerimeter", 
      "build_conditions": [
        [
          {
            "test_type": "CanAffordBuildDemand"
          }, 
          {
            "compare0": "<", 
            "test_type": "UnitCountInBase", 
            "unit_type_string0": "Structure & Advanced & AirDefense", 
            "value0": 4
          }, 
          {
            "compare0": ">", 
            "string0": "Air", 
            "string1": "AntiAir", 
            "test_type": "PlanetThreatRatio", 
            "value0": 1.0
          }, 
          {
            "compare0": ">=", 
            "test_type": "UnitCountInBase", 
            "unit_type_string0": "Structure & (EnergyProduction | Factory)", 
            "value0": 5
          }, 
          {
            "boolean": true, 
            "test_type": "HaveSeenEnemyUnits", 
            "unit_type_string0": "Mobile & Air & Advanced"
          }, 
          {
            "string0": "AdvancedAirDefense", 
            "test_type": "CanFindPlaceToBuild"
          }
        ]
      ], 
      "builders": [
        "AnyAdvancedFabber"
      ], 
      "instance_count": 1, 
      "name": "Advanced Air Defense - Threat", 
      "placement_rules": {
        "buffer": 2, 
        "placement_type": "FromMainBaseCenter", 
        "unit_count_rules": [
          {
            "alliance": "Ally", 
            "compare_type": ">=", 
            "count": 1, 
            "range": 50, 
            "unit_type_string": "Structure & (EnergyProduction | Factory | Tactical | Artillery)"
          }, 
          {
            "alliance": "Ally", 
            "compare_type": "<", 
            "count": 2, 
            "range": 75, 
            "unit_type_string": "Structure & Advanced & AirDefense"
          }
        ]
      }, 
      "priority": 378, 
      "to_build": "AdvancedAirDefense"
    }, 
    {
      "base_sort": "FromPerimeter", 
      "build_conditions": [
        [
          {
            "test_type": "CanAffordBuildDemand"
          }, 
          {
            "compare0": "<", 
            "test_type": "UnitCountInBase", 
            "unit_type_string0": "Structure & Advanced & SurfaceDefense", 
            "value0": 4
          }, 
          {
            "compare0": ">=", 
            "test_type": "UnitCountInBase", 
            "unit_type_string0": "Structure & (EnergyProduction | Factory)", 
            "value0": 5
          }, 
          {
            "boolean": true, 
            "test_type": "HaveSeenEnemyUnits", 
            "unit_type_string0": "Mobile & Land & Advanced"
          }, 
          {
            "string0": "AdvancedLandDefense", 
            "test_type": "CanFindPlaceToBuild"
          }
        ], 
        [
          {
            "test_type": "CanAffordBuildDemand"
          }, 
          {
            "compare0": "<", 
            "test_type": "UnitCountInBase", 
            "unit_type_string0": "Structure & Advanced & SurfaceDefense", 
            "value0": 4
          }, 
          {
            "compare0": ">=", 
            "test_type": "UnitCountInBase", 
            "unit_type_string0": "Structure & (Tactical | Artillery)", 
            "value0": 1
          }, 
          {
            "boolean": true, 
            "test_type": "HaveSeenEnemyUnits", 
            "unit_type_string0": "Mobile & Land & Advanced"
          }, 
          {
            "string0": "AdvancedLandDefense", 
            "test_type": "CanFindPlaceToBuild"
          }
        ]
      ], 
      "builders": [
        "AnyAdvancedFabber"
      ], 
      "instance_count": 1, 
      "name": "Advanced Land Defense", 
      "placement_rules": {
        "buffer": 2, 
        "placement_type": "FromMainBasePerimeter", 
        "unit_count_rules": [
          {
            "alliance": "Ally", 
            "compare_type": ">=", 
            "count": 1, 
            "range": 50, 
            "unit_type_string": "Structure & (EnergyProduction | Factory | Tactical | Artillery)"
          }, 
          {
            "alliance": "Ally", 
            "compare_type": "<", 
            "count": 1, 
            "range": 50, 
            "unit_type_string": "Structure & Advanced & SurfaceDefense"
          }
        ]
      }, 
      "priority": 255, 
      "to_build": "AdvancedLandDefense"
    }, 
    {
      "base_sort": "FromPerimeter", 
      "build_conditions": [
        [
          {
            "test_type": "CanAffordBuildDemand"
          }, 
          {
            "compare0": "<", 
            "test_type": "UnitCountInBase", 
            "unit_type_string0": "Structure & Advanced & SurfaceDefense", 
            "value0": 4
          }, 
          {
            "compare0": ">", 
            "string0": "Land", 
            "string1": "AntiSurface", 
            "test_type": "PlanetThreatRatio", 
            "value0": 1.0
          }, 
          {
            "compare0": ">=", 
            "test_type": "UnitCountInBase", 
            "unit_type_string0": "Structure & (EnergyProduction | Factory)", 
            "value0": 5
          }, 
          {
            "boolean": true, 
            "test_type": "HaveSeenEnemyUnits", 
            "unit_type_string0": "Mobile & Land & Advanced"
          }, 
          {
            "string0": "AdvancedLandDefense", 
            "test_type": "CanFindPlaceToBuild"
          }
        ]
      ], 
      "builders": [
        "AnyAdvancedFabber"
      ], 
      "instance_count": 1, 
      "name": "Advanced Land Defense - Threat", 
      "placement_rules": {
        "buffer": 2, 
        "placement_type": "FromMainBaseCenter", 
        "unit_count_rules": [
          {
            "alliance": "Ally", 
            "compare_type": ">=", 
            "count": 1, 
            "range": 50, 
            "unit_type_string": "Structure & (EnergyProduction | Factory | Tactical | Artillery)"
          }, 
          {
            "alliance": "Ally", 
            "compare_type": "<", 
            "count": 2, 
            "range": 75, 
            "unit_type_string": "Structure & Advanced & SurfaceDefense"
          }
        ]
      }, 
      "priority": 378, 
      "to_build": "AdvancedLandDefense"
    }, 
    {
      "base_sort": "FromPerimeter", 
      "build_conditions": [
        [
          {
            "test_type": "CanAffordBuildDemand"
          }, 
          {
            "compare0": ">=", 
            "test_type": "UnitCountInBase", 
            "unit_type_string0": "Structure & Defense", 
            "value0": 1
          }, 
          {
            "string0": "Wall", 
            "test_type": "CanFindPlaceToBuild"
          }
        ]
      ], 
      "builders": [
        "AnyBasicFabber", 
        "AnyAdvancedFabber"
      ], 
      "instance_count": 1, 
      "name": "Wall", 
      "placement_rules": {
        "placement_type": "FromMainBasePerimeter", 
        "unit_count_rules": [
          {
            "alliance": "Ally", 
            "compare_type": ">=", 
            "count": 1, 
            "range": 8, 
            "unit_type_string": "Structure & Defense - AirDefense"
          }, 
          {
            "alliance": "Ally", 
            "compare_type": "<", 
            "count": 4, 
            "range": 20, 
            "unit_type_string": "Structure & Wall"
          }
        ]
      }, 
      "priority": 0, 
      "to_build": "Wall"
    }, 
    {
      "build_conditions": [
        [
          {
            "string0": "Umbrella", 
            "test_type": "CanAffordPotentialDrain"
          }, 
          {
            "compare0": ">", 
            "string0": "Orbital", 
            "test_type": "SystemThreat", 
            "value0": 0
          }, 
          {
            "compare0": "<", 
            "test_type": "UnitCountInBase", 
            "unit_type_string0": "Structure & OrbitalDefense", 
            "value0": 3
          }, 
          {
            "compare0": ">=", 
            "test_type": "UnitCountInBase", 
            "unit_type_string0": "Structure & ((EnergyProduction & Advanced) | Factory)", 
            "value0": 3
          }, 
          {
            "string0": "Umbrella", 
            "test_type": "CanFindPlaceToBuild"
          }
        ]
      ], 
      "builders": [
        "AnyBasicFabber"
      ], 
      "instance_count": 1, 
      "name": "Umbrella", 
      "placement_rules": {
        "buffer": 2, 
        "placement_type": "FromMainBaseCenter", 
        "unit_count_rules": [
          {
            "alliance": "Ally", 
            "compare_type": ">=", 
            "count": 3, 
            "range": 100, 
            "unit_type_string": "Structure & ((EnergyProduction & Advanced) | Factory)"
          }, 
          {
            "alliance": "Ally", 
            "compare_type": "<", 
            "count": 1, 
            "range": 150, 
            "unit_type_string": "Structure & OrbitalDefense"
          }
        ]
      }, 
      "priority": 375, 
      "to_build": "Umbrella"
    }, 
    {
      "build_conditions": [
        [
          {
            "string0": "Umbrella", 
            "test_type": "CanAffordPotentialDrain"
          }, 
          {
            "compare0": ">", 
            "string0": "Orbital", 
            "test_type": "BaseThreat", 
            "value0": 0
          }, 
          {
            "compare0": "<", 
            "test_type": "UnitCountInBase", 
            "unit_type_string0": "Structure & OrbitalDefense", 
            "value0": 1
          }, 
          {
            "compare0": ">=", 
            "test_type": "UnitCountInBase", 
            "unit_type_string0": "Structure & ((EnergyProduction & Advanced) | Factory)", 
            "value0": 3
          }, 
          {
            "string0": "Umbrella", 
            "test_type": "CanFindPlaceToBuild"
          }
        ]
      ], 
      "builders": [
        "AnyBasicFabber"
      ], 
      "instance_count": 1, 
      "name": "Umbrella - Threat", 
      "placement_rules": {
        "buffer": 2, 
        "placement_type": "FromMainBaseCenter", 
        "unit_count_rules": [
          {
            "alliance": "Ally", 
            "compare_type": ">=", 
            "count": 3, 
            "range": 100, 
            "unit_type_string": "Structure & ((EnergyProduction & Advanced) | Factory)"
          }, 
          {
            "alliance": "Ally", 
            "compare_type": "<", 
            "count": 1, 
            "range": 150, 
            "unit_type_string": "Structure & OrbitalDefense"
          }
        ]
      }, 
      "priority": 380, 
      "to_build": "Umbrella"
    }, 
    {
      "build_conditions": [
        [
          {
            "string0": "AntiNukeSilo", 
            "test_type": "CanAffordPotentialDrain"
          }, 
          {
            "compare0": ">", 
            "string0": "Nuke", 
            "string1": "AntiNuke", 
            "test_type": "SystemToPlanetThreatRatio", 
            "value0": 1.75
          }, 
          {
            "compare0": ">=", 
            "test_type": "UnitCountInBase", 
            "unit_type_string0": "Structure & ((EnergyProduction & Advanced) | Factory)", 
            "value0": 3
          }, 
          {
            "string0": "AntiNukeSilo", 
            "test_type": "CanFindPlaceToBuild"
          }
        ]
      ], 
      "builders": [
        "AnyAdvancedFabber"
      ], 
      "instance_count": 1, 
      "name": "Anti Nuke Silo", 
      "placement_rules": {
        "buffer": 2, 
        "placement_type": "FromMainBaseCenter", 
        "unit_count_rules": [
          {
            "alliance": "Ally", 
            "compare_type": ">=", 
            "count": 3, 
            "range": 150, 
            "unit_type_string": "Structure & ((EnergyProduction & Advanced) | Factory)"
          }, 
          {
            "alliance": "Ally", 
            "compare_type": "<", 
            "count": 1, 
            "range": 150, 
            "unit_type_string": "Structure & NukeDefense"
          }
        ]
      }, 
      "priority": 380, 
      "shared_instance_count": "AntiNukeSilo", 
      "to_build": "AntiNukeSilo"
    }, 
    {
      "build_conditions": [
        [
          {
            "string0": "AntiNukeSilo", 
            "test_type": "CanAffordPotentialDrain"
          }, 
          {
            "compare0": ">", 
            "string0": "Nuke", 
            "string1": "AntiNuke", 
            "test_type": "SystemToPlanetThreatRatio", 
            "value0": 1.75
          }, 
          {
            "compare0": ">=", 
            "test_type": "UnitCountInBase", 
            "unit_type_string0": "Structure & ((EnergyProduction & Advanced) | Factory)", 
            "value0": 3
          }, 
          {
            "compare0": "<", 
            "test_type": "UnitCountOnPlanet", 
            "unit_type_string0": "Structure & NukeDefense", 
            "value0": 1
          }, 
          {
            "string0": "AntiNukeSilo", 
            "test_type": "CanFindPlaceToBuild"
          }
        ], 
        [
          {
            "string0": "AntiNukeSilo", 
            "test_type": "CanAffordPotentialDrain"
          }, 
          {
            "boolean": true, 
            "test_type": "HaveHadANukeEvent"
          }, 
          {
            "compare0": ">=", 
            "test_type": "UnitCountInBase", 
            "unit_type_string0": "Structure & ((EnergyProduction & Advanced) | Factory)", 
            "value0": 3
          }, 
          {
            "compare0": "<", 
            "test_type": "UnitCountOnPlanet", 
            "unit_type_string0": "Structure & NukeDefense", 
            "value0": 1
          }, 
          {
            "string0": "AntiNukeSilo", 
            "test_type": "CanFindPlaceToBuild"
          }
        ]
      ], 
      "builders": [
        "AnyAdvancedFabber"
      ], 
      "instance_count": 1, 
      "max_num_assisters": 12, 
      "min_num_assisters": 5, 
      "name": "Anti Nuke Silo - Rush", 
      "placement_rules": {
        "buffer": 2, 
        "placement_type": "FromMainBaseCenter", 
        "unit_count_rules": [
          {
            "alliance": "Ally", 
            "compare_type": ">=", 
            "count": 3, 
            "range": 150, 
            "unit_type_string": "Structure & ((EnergyProduction & Advanced) | Factory)"
          }, 
          {
            "alliance": "Ally", 
            "compare_type": "<", 
            "count": 1, 
            "range": 150, 
            "unit_type_string": "Structure & NukeDefense"
          }
        ]
      }, 
      "priority": 386, 
      "shared_instance_count": "AntiNukeSilo", 
      "to_build": "AntiNukeSilo"
    }
  ]
}