{"orbital_offset":[{"use_team_color":true,"effect":"particle_line_arrow_transparent_nohdr","scale":3,"view_type":"Ally","color_at_ground":[1,1,1,1],"uv_factor":64,"offset_from_unit":4,"texture":"/pa/effects/textures/particles/uncompressed/orbital_line_ally.papa","offset_from_ground":1,"enabled":true,"color_at_unit":[1,1,1,0]},{"use_team_color":true,"effect":"particle_line_arrow_transparent_nohdr","offset_from_unit":4,"view_type":"Unselected","scale":7,"color_at_ground":[1,1,1,1],"uv_factor":64,"color_at_unit":[1,1,1,0],"texture":"/pa/effects/textures/particles/uncompressed/orbital_line_unselected.papa","offset_from_ground":1,"enabled":true},{"color_at_ground":[1,1,1,1],"uv_factor":64,"scale":7,"view_type":"Selected","offset_from_unit":4,"enabled":true,"offset_from_ground":1,"texture":"/pa/effects/textures/particles/uncompressed/orbital_line_selected.papa","color_at_unit":[1,1,1,1],"effect":"particle_line_arrow_transparent_nohdr","use_team_color":true},{"color_at_unit":[1,1,1,0],"enabled":true,"offset_from_ground":1,"texture":"/pa/effects/textures/particles/uncompressed/orbital_line_enemy.papa","offset_from_unit":4,"uv_factor":64,"color_at_ground":[1,1,1,1],"scale":3,"view_type":"Enemy","effect":"particle_line_arrow_transparent_nohdr","use_team_color":true}],"build_metal_cost":1,"gravwell_velocity_multiplier":3,"unit_types":["UNITTYPE_Mobile","UNITTYPE_Orbital","UNITTYPE_NoBuild"],"command_caps":["ORDER_Move","ORDER_Patrol","ORDER_Assist"],"navigation":{"brake":10000,"dodge_radius":10,"acceleration":10000,"wobble_speed":0,"move_speed":1000,"hover_time":-1,"bank_factor":0,"type":"orbital","turn_speed":1000,"dodge_multiplier":1,"wobble_factor":0.2},"max_health":2,"show_in_orbital_layer":true,"display_name":"Base Orbital","description":"Base Orbital: Why are you seeing this? It's not a full spec.","influence_radius":1000,"system_velocity_multiplier":15,"enable_orbital_shell":true,"physics":{"radius":5,"collision_layers":"WL_Orbital","air_friction":1,"push_class":15,"gravity_scalar":0.001},"armor_type":"AT_Orbital","wreckage_health_frac":0}