{
  "base_spec": "/pa/tools/large_missile/cruise.json",
  "tool_type": "TOOL_Weapon",
  "ammo_id": "/pa/units/land_combat/tactical_missile_launcher/tactical_missile_launcher_ammo.json",
  "ammo_source": "metal",
  "rate_of_fire": 2,
  "ammo_capacity": 800,
  "ammo_demand": 25,
  "ammo_per_shot": 100,
  "max_range": 450,
  "yaw_rate": 180,
  "pitch_rate": 180,
  "yaw_range": 0,
  "pitch_range": 0,
  "spread_fire": true,
  "firing_arc_yaw": 180,
  "firing_arc_pitch": 180,
  "auto_attack": true,
  "target_layers": [
    "WL_LandHorizontal",
    "WL_WaterSurface"
  ]
}