{
  "base_spec": "/pa/ammo/base_missiles/base_missile_tactical.json",
  "damage": 750,
  "splash_damage": 500,
  "splash_radius": 3,
  "cruise_height": 120,
  "initial_velocity": 80,
  "max_velocity": 80,
  "turn_rate": 15,
  "lifetime": 20,
  "model": {
    "filename": "/pa/units/air/missile_tactical/missile_tactical.papa"
  },
  "fx_trail": {
    "filename": "/pa/units/air/missile_tactical/missile_tactical_trail.pfx",
    "offset": [
      0,
      4.6,
      0
    ]
  },
  "events": {
    "died": {
      "audio_cue": "/SE/Impacts/missile_tactical",
      "effect_spec": "/pa/effects/specs/default_proj_area_explosion.pfx"
    }
  },
  "audio_loop": "/SE/Movement/missile/tactical_missile_fly_loop",
  "physics": {
    "radius": 1,
    "push_class": 1,
    "gravity_scalar": 5,
    "ignore_gravity": true,
    "add_to_spatial_db": true
  },
  "flight_type": "Staged",
  "stages": [
    {
      "ignores_gravity": true,
      "ignores_LOS": true,
      "stage_duration": 600,
      "stage_turn_rate": 0,
      "rotates_to_velocity": true
    },
    {
      "ignores_gravity": true,
      "ignores_LOS": true,
      "stage_duration": 0,
      "stage_turn_rate": 90,
      "stage_change_range": 100,
      "rotates_to_velocity": true
    },
    {
      "ignores_gravity": false,
      "ignores_LOS": false,
      "stage_duration": 5000,
      "stage_turn_rate": 180,
      "rotates_to_velocity": true
    }
  ]
}