{
  "TEMP_texelinfo": 17.7177, 
  "attachable": {
    "offsets": {
      "root": [
        0, 
        0, 
        0
      ]
    }
  }, 
  "base_spec": "/pa/units/orbital_units/base_orbital/base_orbital.json", 
  "build_metal_cost": 1500, 
  "command_caps": [
    "ORDER_Move", 
    "ORDER_Patrol", 
    "ORDER_Attack", 
    "ORDER_Assist"
  ], 
  "description": "Long-Range Heavy-Hitter Fighter: Armed with a slow-firing laser. Uses energy. Weak against Flanker & Swarm", 
  "display_name": "Aurora", 
  "events": {
    "build_complete": {
      "audio_cue": "/SE/Build_Complete/orbital"
    }, 
    "died": {
      "audio_cue": "/SE/Death/orbital", 
      "effect_spec": "/pa/effects/specs/default_explosion.pfx"
    }, 
    "fired": {
      "audio_cue": "/SE/Weapons/orb/orb_fighter_fire", 
      "effect_spec": "/pa/effects/specs/default_muzzle_flash.pfx socket_muzzle"
    }
  }, 
  "fx_offsets": [
    {
      "bone": "bone_body", 
      "filename": "/pa/effects/misc/jets.pfx", 
      "offset": [
        0, 
        8.9, 
        0
      ], 
      "orientation": [
        0, 
        0, 
        0
      ], 
      "type": "moving"
    }
  ], 
  "gravwell_velocity_multiplier": 6.0, 
  "guard_layer": "WL_Orbital", 
  "guard_radius": 550, 
  "max_health": 100, 
  "mesh_bounds": [
    20, 
    16, 
    5.3
  ], 
  "model": {
    "animations": {
      "closed": "/pa/units/orbital/orbital_fighter/orbital_fighter_anim_closed.papa", 
      "deploy": "/pa/units/orbital/orbital_fighter/orbital_fighter_anim_deploy.papa"
    }, 
    "animtree": "/pa/anim/anim_trees/orbital_fighter_anim_tree.json", 
    "filename": "/pa/units/orbital/orbital_fighter/orbital_fighter.papa"
  }, 
  "navigation": {
    "acceleration": 10, 
    "aggressive_behavior": "circle", 
    "aggressive_distance": 400, 
    "bank_factor": 1, 
    "brake": 90, 
    "circle_max_time": 4, 
    "circle_min_time": 1, 
    "hover_time": -1.0, 
    "move_speed": 60, 
    "turn_speed": 30, 
    "type": "orbital"
  }, 
  "physics": {
    "gravity_scalar": 0.001, 
    "push_class": 15, 
    "radius": 5
  }, 
  "recon": {
    "observer": {
      "items": [
        {
          "channel": "sight", 
          "layer": "orbital", 
          "radius": 400, 
          "shape": "sphere"
        }
      ]
    }
  }, 
  "spawn_layers": "WL_Orbital", 
  "tools": [
    {
      "aim_bone": "bone_body", 
      "muzzle_bone": "bone_recoil01", 
      "spec_id": "/pa/units/orbital_units/orbital_sniper/orbital_sniper_tool_weapon.json"
    }
  ], 
  "unit_types": [
    "UNITTYPE_Mobile", 
    "UNITTYPE_Orbital", 
    "UNITTYPE_Fighter", 
    "UNITTYPE_Advanced", 
    "UNITTYPE_FactoryBuild"
  ] 
}