{
  "TEMP_texelinfo": 22.7385, 
  "attachable": {
    "offsets": {
      "root": [
        0, 
        0, 
        0
      ]
    }
  }, 
  "base_spec": "/pa/units/orbital/base_orbital_structure/base_orbital_structure.json",
  "build_metal_cost": 300, 
  "command_caps": [
    "ORDER_Move", 
    "ORDER_Patrol", 
    "ORDER_Assist"
  ], 
  "consumption": {
    "energy": 2000
  }, 
  "description": "Celestial Radar Satellite: For detecting interplanetary travel. Uses energy. Weak vs Anti-orbital & skirmish", 
  "display_name": "Argus", 
  "energy_efficiency_requirement": 0.9, 
  "events": {
    "build_complete": {
      "audio_cue": "/SE/Build_Complete/orbital"
    }, 
    "died": {
      "audio_cue": "/SE/Death/orbital", 
      "effect_spec": "/pa/effects/specs/default_explosion.pfx"
    }, 
    "fired": {
      "audio_cue": "/SE/Weapons/air/bomber_fire"
    }
  }, 
  "gravwell_velocity_multiplier": 6.0, 
  "max_health": 300, 
  "mesh_bounds": [
    25, 
    15, 
    15
  ], 
  "model": {
    "animations": {
      "closed": "/pa/units/orbital/radar_satellite_adv/radar_satellite_adv_anim_closed.papa", 
      "deploy": "/pa/units/orbital/radar_satellite_adv/radar_satellite_adv_anim_deploy.papa", 
      "open": "/pa/units/orbital/radar_satellite_adv/radar_satellite_adv_anim_open.papa"
    }, 
    "animtree": "/pa/anim/anim_trees/satellite_launched_anim_tree.json", 
    "filename": "/pa/units/orbital/radar_satellite_adv/radar_satellite_adv.papa"
  }, 
  "physics": {
    "gravity_scalar": 0.001, 
    "push_class": 15, 
    "radius": 5
  }, 
  "recon": {
    "observer": {
      "items": [
        {
          "uses_energy": true,
          "radius": 1,
          "shape": "capsule",
          "channel": "sight",
          "layer": "celestial"
        }, 
        {
          "channel": "sight", 
          "layer": "orbital", 
          "radius": 200, 
          "shape": "capsule" 
        } 
      ]
    }
  }, 
  "spawn_layers": "WL_Orbital", 
  "unit_types": [
    "UNITTYPE_Structure", 
    "UNITTYPE_Orbital", 
    "UNITTYPE_Advanced", 
    "UNITTYPE_Recon", 
    "UNITTYPE_FabOrbBuild"
  ]
}