{"description":"Grenadier: Area effect, lobbing assault bot","attachable":{"offsets":{"head":[0,0,4],"root":[0,0,0]}},"display_name":"Grenadier","events":{"build_complete":{"audio_cue":"/SE/Build_Complete/bot"},"firing":{"audio_cue":"/SE/Weapons/bot/assault_fire","effect_spec":"/pa/effects/specs/default_small_muzzle_flash.pfx socket_rightMuzzle /pa/effects/specs/default_small_muzzle_flash.pfx socket_leftMuzzle"},"died":{"effect_spec":"/pa/effects/specs/default_explosion.pfx","effect_scale":0.5,"audio_cue":"/SE/Death/Bot"}},"display_group":40,"max_health":160,"navigation":{"move_speed":9,"turn_speed":720,"type":"land-small","brake":120,"acceleration":120},"unit_types":["UNITTYPE_Bot","UNITTYPE_Mobile","UNITTYPE_Artillery","UNITTYPE_Land","UNITTYPE_Basic","UNITTYPE_FactoryBuild"],"build_metal_cost":150,"tools":[{"aim_bone":"bone_leftRecoil","spec_id":"/pa/units/land/bot_grenadier/bot_grenadier_tool_weapon.json","muzzle_bone":"socket_leftMuzzle"},{"aim_bone":"bone_rightRecoil","muzzle_bone":"socket_rightMuzzle","spec_id":"/pa/units/land/bot_grenadier/bot_grenadier_tool_weapon.json"}],"TEMP_texelinfo":4.07719,"guard_radius":90,"mesh_bounds":[4,4,4],"display_index":80,"audio":{"loops":{"move":{"should_stop_func":"is_not_moving","cue":"/SE/Movement/bot/assault_loop","should_start_func":"is_moving","flag":"vel_changed"}}},"guard_layer":"WL_AnySurface","recon":{"observer":{"items":[{"shape":"capsule","radius":85,"layer":"surface_and_air","channel":"sight"}]}},"transportable":{"size":1},"physics":{"push_class":2,"radius":2},"base_spec":"/pa/units/land/base_bot/base_bot.json","model":{"animations":{"death01":"/pa/units/land/bot_grenadier/bot_grenadier_anim_death.papa","walk":"/pa/units/land/bot_grenadier/bot_grenadier_anim_run.papa","idle":"/pa/units/land/bot_grenadier/bot_grenadier_anim_idle.papa"},"filename":"/pa/units/land/bot_grenadier/bot_grenadier.papa","animtree":"/pa/anim/anim_trees/bot_grenadier.json","walk_speed":12}}