{
  "base_spec": "/pa/units/land/base_structure/base_structure.json",
  "display_name": "Do Not Ever Inherit Me",
  "description": "This spec is for reference purposes only.",
  "display_group": 1,
  "display_index": 1,
  "max_health": 1,
  "build_metal_cost": 1,
  "buildable_types": "Land & Mobile & Tank | Tank & Fabber & Mobile",
  "production": {
    "energy": 1,
    "metal": 1
  },
  "consumption": {
    "energy": 1
  },
  "unit_types": [
    "UNITTYPE_Land",
    "UNITTYPE_NoBuild"
  ],
  "command_caps": [
    "ORDER_Move",
    "ORDER_Patrol",
    "ORDER_FactoryBuild",
    "ORDER_Attack",
    "ORDER_Assist"
  ],
  "guard_radius": 1,
  "guard_layer": "WL_LandHorizontal",
  "navigation": {
    "type": "land-small",
    "acceleration": 1,
    "brake": 1,
    "move_speed": 1,
    "turn_speed": 1,
    "dodge_radius": 15,
    "dodge_multiplier": 1,
    "wobble_factor": 0.1,
    "wobble_speed": 0.2
  },
  "physics": {
    "type": "Mobile",
    "shape": "Sphere",
    "radius": 1,
    "push_class": 1,
    "air_friction": 1
  },
  "tools": [
    {
      "spec_id": "/pa/tools/factory_build_arm_adv/factory_build_arm_adv.json",
      "aim_bone": "bone_root"
    }
  ],
  "audio": {
    "loops": {
      "build": {
        "cue": "/SE/Construction/Factory_contruction_loop_veh",
        "flag": "build_target_changed",
        "should_start_func": "has_build_target",
        "should_stop_func": "no_build_target"
      }
    }
  },
  "fx_offsets": [
    {
      "type": "build",
      "filename": "/pa/effects/specs/fab_spray.pfx",
      "bone": "socket_nozzle01",
      "offset": [
        0,
        0,
        0
      ],
      "orientation": [
        0,
        0,
        0
      ]
    }
  ],
  "headlights": [
    {
      "gobo": "/pa/effects/textures/gobo/spotlight_gobo.papa",
      "offset": [
        0,
        0,
        20
      ],
      "orientation": [
        0,
        0,
        0
      ],
      "near_width": 20,
      "near_height": 20,
      "near_distance": 10,
      "far_distance": 30,
      "color": [
        1.5,
        1.52,
        1.6
      ],
      "debug": false
    }
  ]
}