{"base_spec":"/pa/ammo/base_ammo/base_ammo.json","spawn_layers":"WL_Air","model":{"filename":"/pa/units/air/missile/missile.papa","arrows":3},"fx_trail":{"filename":"/pa/effects/specs/rocket_proj_trail.pfx","offset":[0.0,0.8,0.0]},"physics":{"radius":1,"push_class":1,"gravity_scalar":5,"ignore_gravity":true,"add_to_spatial_db":false},"events":{"died":{"audio_cue":"/SE/Impacts/missile_tactical","effect_specs":"/pa/effects/specs/default_proj_explosion.pfx"}},"damage":0,"splash_damage":0,"splash_radius":1,"lifetime":30,"initial_velocity":70.0,"max_velocity":70.0,"turn_rate":150}