{
  "description": "Anti-Air Salvo Plane: Air superiority fighter with an array of missiles. Uses energy. Weak vs Ground & Anti-Air",
  "recon": {
    "observer": {
      "items": [
        {
          "radius": 150,
          "layer": "surface_and_air",
          "shape": "capsule",
          "channel": "sight"
        }
      ]
    }
  },
  "TEMP_texelinfo": 7.96209,
  "model": {
    "animations": {
      "landed": "/pa/units/air/fighter_adv_antiair/fighter_adv_antiair_anim_landed.papa"
    },
    "animtree": "/pa/anim/anim_trees/fighter_adv_antiair_anim_tree.json",
    "filename": "/pa/units/air/fighter_adv_antiair/fighter_adv_antiair.papa"
  },
  "tools": [
    {
      "muzzle_bone": [
        "bone_leftWing",
        "bone_rightWing"
      ],
      "aim_bone": "bone_root",
      "spec_id": "/pa/units/air/fighter_adv_antiair/fighter_adv_antiair_tool_weapon.json"
    }
  ],
  "audio": {
    "loops": {
      "move": {
        "cue": "/SE/Movement/air/air_fighter_loop",
        "should_stop_func": "is_not_moving",
        "flag": "vel_changed",
        "should_start_func": "is_moving"
      }
    }
  },
  "unit_types": [
    "UNITTYPE_Fighter",
    "UNITTYPE_Air",
    "UNITTYPE_Mobile",
    "UNITTYPE_Advanced",
    "UNITTYPE_FactoryBuild"
  ],
  "navigation": {
    "bank_factor": 10,
    "move_speed": 75,
    "brake": 75,
    "turn_speed": 180,
    "acceleration": 75,
    "aggressive_distance": 200,
    "type": "air"
  },
  "max_health": 250,
  "display_index": 100,
  "guard_radius": 200,
  "build_metal_cost": 750,
  "physics": {
    "radius": 6,
    "gravity_scalar": 1,
    "push_class": 2
  },
  "display_group": 60,
  "fx_offsets": [
    {
      "offset": [
        0,
        4.35,
        0.836
      ],
      "filename": "/pa/units/air/fighter_adv_antiair/fighter_adv_antiair_jets.pfx",
      "type": "moving_forward"
    }
  ],
  "guard_layer": "WL_Air",
  "events": {
    "build_complete": {
      "audio_cue": "/SE/Build_Complete/air"
    },
    "died": {
      "effect_spec": "/pa/effects/specs/default_explosion.pfx",
      "audio_cue": "/SE/Death/Air"
    },
    "fired": {
      "audio_cue": "/SE/Weapons/air/fighter_fire"
    }
  },
  "display_name": "Peregrine",
  "base_spec": "/pa/units/air/base_flyer/base_flyer.json"
}