{
  "ammo_type": "Projectile",
  "build_metal_cost": 1500,
  "flight_type": "Staged",
  "damage": 5000,
  "splash_damage": 1500,
  "splash_radius": 50,
  "full_damage_splash_radius": 10,
  "splash_damages_allies": true,
  "cruise_height": 100,
  "initial_velocity": 40,
  "max_velocity": 75,
  "turn_rate": 180,
  "lifetime": 0,
  "show_strategic_icon": true,
  "spawn_layers": "WL_Air",
  "burn_damage": 200,
  "burn_radius": 175,
  "impact_decals": [
    "/pa/effects/specs/scorch_c_01.json"
  ],
  "events": {
    "collided": {
      "audio_cue": "/SE/Impacts/missile_seeking",
      "effect_spec": "/pa/units/air/missile_nuke/missile_nuke_implosion.pfx",
      "effect_world_aligned": false
    }
  },
  "damage_volume": {
    "initial_radius": 1,
    "radius_velocity": 10,
    "radius_accel": 10,
    "delay": 1,
    "burnable_remove_radius": 100
  },
  "model": {
    "filename": "/pa/units/air/missile_nuke_interplanetary/missile_nuke_interplanetary.papa"
  },
  "unit_types": [
    "UNITTYPE_Mobile",
    "UNITTYPE_Orbital"
  ],
  "collision_check": "ground",
  "physics": {
    "radius": 10,
    "push_class": 1,
    "gravity_scalar": 3,
    "ignore_gravity": true,
    "add_to_spatial_db": true,
    "allow_underground": true
  },
  "fx_trail": {
    "filename": "/pa/units/air/missile_nuke/missile_nuke_trail.pfx",
    "offset": [
      0,
      12,
      0
    ]
  },
  "audio_loop": "/SE/Movement/missile/nuke_missile_fly_loop",
  "stages": [
    {
      "ignores_gravity": true,
      "ignores_LOS": true,
      "stage_duration": 600,
      "stage_turn_rate": 0,
      "rotates_to_velocity": true
    },
    {
      "ignores_gravity": true,
      "ignores_LOS": true,
      "stage_duration": 0,
      "stage_turn_rate": 90,
      "stage_change_range": 75,
      "rotates_to_velocity": true
    },
    {
      "ignores_gravity": false,
      "ignores_LOS": false,
      "stage_duration": 5000,
      "stage_turn_rate": 360,
      "rotates_to_velocity": true
    },
    {
      "ignores_gravity": false,
      "ignores_LOS": false,
      "stage_duration": 5000,
      "stage_turn_rate": 1080,
      "rotates_to_velocity": true
    }
  ]
}