{
  "consumption": {
    "energy": 2000
  },
  "events": {
    "build_complete": {
      "audio_cue": "/SE/Build_Complete/orbital"
    },
    "died": {
      "effect_spec": "/pa/effects/specs/default_explosion.pfx",
      "audio_cue": "/SE/Death/orbital"
    },
    "fired": {
      "audio_cue": "/SE/Weapons/air/bomber_fire"
    }
  },
  "max_health": 300,
  "description": "Celestial Radar Satellite: For detecting interplanetary travel. Uses energy. Weak vs Anti-orbital & skirmish",
  "attachable": {
    "offsets": {
      "root": [
        0,
        0,
        0
      ]
    }
  },
  "display_name": "Argus",
  "TEMP_texelinfo": 22.7385,
  "build_metal_cost": 300,
  "unit_types": [
    "UNITTYPE_Structure",
    "UNITTYPE_Orbital",
    "UNITTYPE_Advanced",
    "UNITTYPE_Recon",
    "UNITTYPE_FabOrbBuild"
  ],
  "physics": {
    "gravity_scalar": 0.001,
    "push_class": 15,
    "radius": 5
  },
  "spawn_layers": "WL_Orbital",
  "base_spec": "/pa/units/land/base_structure/base_structure.json",
  "recon": {
    "observer": {
      "items": [
        {
          "uses_energy": true,
          "radius": 1,
          "shape": "capsule",
          "channel": "sight",
          "layer": "celestial"
        },
        {
          "layer": "orbital",
          "channel": "sight",
          "shape": "capsule",
          "uses_energy": true,
          "radius": 200
        }
      ]
    }
  },
  "mesh_bounds": [
    25,
    15,
    15
  ],
  "model": {
    "animtree": "/pa/anim/anim_trees/satellite_launched_anim_tree.json",
    "filename": "/pa/units/orbital/radar_satellite_adv/radar_satellite_adv.papa",
    "animations": {
      "closed": "/pa/units/orbital/radar_satellite_adv/radar_satellite_adv_anim_closed.papa",
      "open": "/pa/units/orbital/radar_satellite_adv/radar_satellite_adv_anim_open.papa",
      "deploy": "/pa/units/orbital/radar_satellite_adv/radar_satellite_adv_anim_deploy.papa"
    }
  },
  "energy_efficiency_requirement": 0.9
}