{
  "base_spec": "/pa/ammo/base_bomb/base_bomb.json",
  "damage": 2500,
  "splash_damage": 250,
  "splash_radius": 60,
  "full_damage_splash_radius": 45,
  "initial_velocity": 10,
  "max_velocity": 10,
  "splash_damages_allies": false,
  "lifetime": 5,
  "impact_decals": [
    "/pa/effects/specs/scorch_c_01.json"
  ],
  "events": {
    "died": {
      "effect_scale": 5,
      "audio_cue": "/SE/Impacts/shell_artillery",
      "effect_spec": "/pa/effects/specs/default_building_explosion.pfx"
    }
  }
}