{
  "tool_type": "TOOL_BuildArm",
  "assist_layers": [
    "WL_AnyHorizontalGroundOrWaterSurface",
    "WL_Air",
    "WL_Underwater"
  ],
  "reclaim_layers": [
    "WL_AnyHorizontalGroundOrWaterSurface",
    "WL_Air"
  ],
  "reclaim_types": [
    "Unit",
    "Wreckage",
    "Feature"
  ],
  "max_range": 40,
  "construction_demand": {
    "energy": 100,
    "metal": 20
  },
  "yaw_rate": 360,
  "pitch_rate": 360,
  "yaw_range": 360,
  "pitch_range": 90,
  "can_only_assist_with_buildable_items": true,
  "auto_repair": true
}