{"base_spec":"/pa/ammo/base_artillery/base_artillery.json","damage":5000,"splash_damage":5000,"splash_radius":20,"full_damage_splash_radius":5,"splash_damages_allies":false,"initial_velocity":200.0,"lifetime":30,"physics":{"radius":1,"gravity_scalar":80,"add_to_spatial_db":false},"model":{"filename":"/pa/units/air/shell_large/shell_large.papa"},"fx_trail":{"filename":"/pa/effects/specs/shell_artillery_large_proj_trail.pfx","offset":[0.0,1.0,0.0]},"audio_loop":"/SE/Movement/missile/artillery_long_missile_fly_loop","events":{"died":{"audio_cue":"/SE/Impacts/shell_artillery","effect_spec":"/pa/effects/specs/default_building_explosion.pfx"}}}