{
  "base_spec": "/pa/units/land_combat/base_structure/base_structure.json",
  "display_name": "Holkins",
  "description": "Extreme-Range Heavy-Hitter Artillery: A strategic artillery. Uses energy. Weak vs Fast & Heavy-Hitter",
  "display_group": 50,
  "display_index": 55,
  "max_health": 3500,
  "build_metal_cost": 6000,
  "atrophy_rate": 5,
  "atrophy_cool_down": 30,
  "spawn_layers": "WL_AnyHorizontalGroundOrWaterSurface",
  "unit_types": [
    "UNITTYPE_Land",
    "UNITTYPE_Structure",
    "UNITTYPE_Defense",
    "UNITTYPE_Artillery",
    "UNITTYPE_Advanced",
    "UNITTYPE_FabAdvBuild"
  ],
  "command_caps": [
    "ORDER_Attack"
  ],
  "guard_radius": 610,
  "guard_layer": "WL_AnySurface",
  "recon": {
    "observer": {
      "items": [
        {
          "layer": "surface_and_air",
          "channel": "sight",
          "shape": "capsule",
          "radius": 100
        }
      ]
    }
  },
  "model": [
    {
      "layer": "WL_LandHorizontal",
      "filename": "/pa/units/land/artillery_long/artillery_long.papa",
      "animations": {
        "aim_up": "/pa/units/land/artillery_long/artillery_long_anim_aimUp.papa"
      },
      "animtree": "/pa/anim/anim_trees/artillery_building_long_anim_tree.json",
      "skirt_decal": "/pa/effects/specs/skirt_artillery_long.json"
    },
    {
      "layer": "WL_WaterSurface",
      "filename": "/pa/units/sea/artillery_long/artillery_long.papa",
      "animations": {
        "aim_up": "/pa/units/land/artillery_long/artillery_long_anim_aimUp.papa"
      },
      "animtree": "/pa/anim/anim_trees/artillery_building_long_anim_tree.json"
    }
  ],
  "nearby_target_tick_update_interval": 30,
  "tools": [
    {
      "spec_id": "/pa/units/land_combat/artillery_long/artillery_long_tool_weapon.json",
      "aim_bone": "socket_aim",
      "muzzle_bone": "socket_muzzle"
    }
  ],
  "events": {
    "build_complete": {
      "audio_cue": "/SE/Build_Complete/structure_small"
    },
    "died": {
      "effect_spec": "/pa/effects/specs/default_building_explosion.pfx",
      "audio_cue": "/SE/Death/structure_small",
      "effect_scale": 0.75
    },
    "fired": {
      "audio_cue": "/SE/Weapons/structure/artillery_long_fire",
      "effect_spec": "/pa/effects/specs/tank_muzzle_flash.pfx socket_muzzle /pa/effects/specs/artillery_muzzle_ground.pfx"
    }
  },
  "lamps": [
    {
      "offset": [
        0,
        -11.21,
        3.69
      ],
      "radius": 4,
      "color": [
        1,
        1,
        1
      ],
      "intensity": 2,
      "bone": "bone_pitch"
    }
  ],
  "mesh_bounds": [
    20,
    35.4209,
    17.0376
  ],
  "TEMP_texelinfo": 26.6522
}