{
  "base_spec": "/pa/ammo/base_ammo/base_ammo.json",
  "flight_type": "Ballistic",
    "model": {
    "filename": ""
  },
  "events": {
    "died": {
      "audio_cue": "/SE/Impacts/shell_tank",
      "effect_spec": "/pa/effects/specs/default_proj_explosion.pfx"
    }
  },

  "fx_trail": {
    "filename": "/pa/effects/specs/tank_light_proj.pfx",
    "offset": [
      0,
      0,
      0
    ]
  },
  "damage": 60,
  "splash_damage": 0,
  "splash_radius": 0,
  "initial_velocity": 150,
  "max_velocity": 150,
  "lifetime": 2
}