{
  "display_index": 80,
  "guard_radius": 100,
  "max_health": 250,
  "build_metal_cost": 500,
  "navigation": {
    "aggressive_height": 100,
    "aggressive_distance": 250,
    "turn_speed": 55,
    "type": "air",
    "dodge_multiplier": 0,
    "dodge_radius": 0,
    "wobble_factor": 0.05,
    "wobble_speed": 0.1,
    "acceleration": 50,
    "move_speed": 60,
    "brake": 20
  },
  "TEMP_texelinfo": 10.4258,
  "model": {
    "arrows": 5,
    "filename": "/pa/units/air/bomber/bomber.papa"
  },
  "tools": [
    {
      "spec_id": "/pa/units/air/bomber/bomber_tool_weapon.json",
      "aim_bone": "bone_root",
      "muzzle_bone": "bone_root"
    }
  ],
  "unit_types": [
    "UNITTYPE_Bomber",
    "UNITTYPE_Mobile",
    "UNITTYPE_Air",
    "UNITTYPE_Basic",
    "UNITTYPE_FactoryBuild"
  ],
  "audio": {
    "loops": {
      "move": {
        "flag": "vel_changed",
        "should_start_func": "is_moving",
        "should_stop_func": "is_not_moving",
        "cue": "/SE/Movement/air/air_bomber_loop"
      }
    }
  },
  "description": "Salvo Suppression Plane: A carpet bomber with wide area attack. Weak vs Air & Anti-Air",
  "recon": {
    "observer": {
      "items": [
        {
          "channel": "sight",
          "shape": "capsule",
          "layer": "surface_and_air",
          "radius": 100
        }
      ]
    }
  },
  "events": {
    "build_complete": {
      "audio_cue": "/SE/Build_Complete/air"
    },
    "died": {
      "effect_spec": "/pa/effects/specs/default_explosion.pfx",
      "audio_cue": "/SE/Death/Air"
    },
    "fired": {
      "audio_cue": "/SE/Weapons/air/bomber_fire"
    }
  },
  "display_name": "Bumblebee",
  "base_spec": "/pa/units/air/base_flyer/base_flyer.json",
  "guard_layer": "WL_AnySurface",
  "display_group": 40,
  "fx_offsets": [
    {
      "offset": [
        0,
        2.32,
        1.393
      ],
      "type": "moving_forward",
      "filename": "/pa/units/air/bomber/bomber_jets.pfx"
    }
  ],
  "physics": {
    "allow_pushing": false,
    "gravity_scalar": 1,
    "radius": 6,
    "air_friction": 1,
    "push_sideways": false,
    "push_class": 2
  }
}