{
	"unit_types": ["UNITTYPE_Construction",
	"UNITTYPE_Bot",
	"UNITTYPE_Mobile",
	"UNITTYPE_Land",
	"UNITTYPE_Advanced",
	"UNITTYPE_FactoryBuild"],
	"command_caps": ["ORDER_Move",
	"ORDER_Patrol",
	"ORDER_Build",
	"ORDER_Reclaim",
	"ORDER_Repair",
	"ORDER_Assist",
	"ORDER_Use"],
	"navigation": {
		"group_preference": "back",
		"move_speed": 10,
		"turn_speed": 720,
		"type": "land-small",
		"brake": 120,
		"acceleration": 120
	},
	"build_metal_cost": 900,
	"tools": [{
		"spec_id": "/pa/units/land/fabrication_bot_combat_adv/fabrication_bot_combat_adv_build_arm.json",
		"aim_bone": "bone_turretBack"
	},
	{
		"spec_id": "/pa/units/land/fabrication_bot_combat_adv/fabrication_bot_combat_tool_weapon.json",
		"aim_bone": "bone_turretFront",
		"muzzle_bone": "socket_muzzleFront"
	}],
	"TEMP_texelinfo": 6.38702,
	"guard_radius": 60,
	"description": "Advanced Combat Fabrication: Advanced Repair Mechanic",
	"buildable_types": "CombatFabAdvBuild",
	"display_name": "A.R.M",
	"attachable": {
		"offsets": {
			"root": [0,
			0,
			0],
			"head": [0,
			0,
			6.8]
		}
	},
	"events": {
		"died": {
			"audio_cue": "/SE/Death/Bot",
			"effect_scale": 0.8
		},
		"build_complete": {
			"audio_cue": "/SE/Build_Complete/fab"
		}
	},
	"max_health": 300,
	"fx_offsets": [{
		"type": "build",
		"bone": "socket_muzzleBack",
		"offset": [0,
		0,
		0],
		"orientation": [0,
		0,
		0],
		"filename": "/pa/effects/specs/fab_combat_spray.pfx"
	}],
	"display_group": 100,
	"model": {
		"animtree": "/pa/anim/anim_trees/fabrication_bot_combat_adv.json",
		"walk_speed": 12,
		"filename": "/pa/units/land/fabrication_bot_combat_adv/fabrication_bot_combat_adv.papa",
		"arrows": 5,
		"animations": {
			"walk": "/pa/units/land/fabrication_bot_combat_adv/fabrication_bot_combat_adv_anim_run.papa",
			"death01": "/pa/units/land/fabrication_bot_combat_adv/fabrication_bot_combat_adv_anim_death01.papa"
		}
	},
	"display_index": 50,
	"audio": {
		"loops": {
			"move": {
				"should_stop_func": "is_not_moving",
				"cue": "/SE/Movement/bot/T2_fab_loop",
				"should_start_func": "is_moving",
				"flag": "vel_changed"
			},
			"build": {
				"flag": "build_target_changed",
				"cue": "/SE/Construction/Fab_contruction_beam_loop",
				"should_start_func": "has_build_target",
				"should_stop_func": "no_build_target"
			}
		}
	},
	"guard_layer": "WL_LandHorizontal",
	"recon": {
		"observer": {
			"items": [{
				"shape": "capsule",
				"radius": 100,
				"layer": "surface_and_air",
				"channel": "sight"
			}]
		}
	},
	"physics": {
		"push_class": 2,
		"allow_pushing": true,
		"radius": 4
	},
	"spawn_layers": "WL_LandHorizontal",
	"transportable": {
		"size": 1
	},
	"base_spec": "/pa/units/land/base_bot/base_bot.json"
}