{
	"build_list": [{
		"name": "Basic Bot Fabber",
		"to_build": "BasicBotFabber",
		"instance_count": 1,
		"max_num_assisters": 10,
		"priority": 100,
		"builders": ["BasicBotFactory"],
		"build_conditions": [[{
			"test_type": "AloneOnPlanet",
			"boolean": false
		},
		{
			"test_type": "BaseThreatened",
			"boolean": false
		},
		{
			"test_type": "CanAffordBuildDemand"
		},
		{
			"test_type": "UnitRatioOnPlanet",
			"unit_type_string0": "(Tank | Bot) & Fabber & Basic",
			"unit_type_string1": "(Tank | Bot) & Factory & Basic",
			"compare0": "<",
			"value0": 3
		},
		{
			"test_type": "UnitCountOnPlanet",
			"unit_type_string0": "Fabber & Basic",
			"compare0": "<",
			"value0": 15
		},
		{
			"test_type": "CanAffordPotentialDrain",
			"string0": "BasicBotFabber"
		}],
		[{
			"test_type": "AloneOnPlanet",
			"boolean": true
		},
		{
			"test_type": "CanAffordBuildDemand"
		},
		{
			"test_type": "UnitRatioOnPlanet",
			"unit_type_string0": "(Tank | Bot) & Fabber & Basic",
			"unit_type_string1": "(Tank | Bot) & Factory & Basic",
			"compare0": "<",
			"value0": 6
		},
		{
			"test_type": "UnitCountOnPlanet",
			"unit_type_string0": "Fabber & Basic",
			"compare0": "<",
			"value0": 12
		},
		{
			"test_type": "CanAffordPotentialDrain",
			"string0": "BasicBotFabber"
		}],
		[{
			"test_type": "BaseThreatened",
			"boolean": false
		},
		{
			"test_type": "UnitCountOnPlanet",
			"unit_type_string0": "Fabber & Basic",
			"compare0": "<",
			"value0": 2
		}]]
	},
	{
		"name": "Basic Vehicle Fabber",
		"to_build": "BasicVehicleFabber",
		"instance_count": 1,
		"max_num_assisters": 10,
		"priority": 100,
		"builders": ["BasicVehicleFactory"],
		"build_conditions": [[{
			"test_type": "AloneOnPlanet",
			"boolean": false
		},
		{
			"test_type": "BaseThreatened",
			"boolean": false
		},
		{
			"test_type": "CanAffordBuildDemand"
		},
		{
			"test_type": "UnitRatioOnPlanet",
			"unit_type_string0": "(Tank | Bot) & Fabber & Basic",
			"unit_type_string1": "(Tank | Bot) & Factory & Basic",
			"compare0": "<",
			"value0": 3
		},
		{
			"test_type": "UnitCountOnPlanet",
			"unit_type_string0": "Fabber & Basic",
			"compare0": "<",
			"value0": 15
		},
		{
			"test_type": "CanAffordPotentialDrain",
			"string0": "BasicVehicleFabber"
		}],
		[{
			"test_type": "AloneOnPlanet",
			"boolean": true
		},
		{
			"test_type": "CanAffordBuildDemand"
		},
		{
			"test_type": "UnitRatioOnPlanet",
			"unit_type_string0": "(Tank | Bot) & Fabber & Basic",
			"unit_type_string1": "(Tank | Bot) & Factory & Basic",
			"compare0": "<",
			"value0": 6
		},
		{
			"test_type": "UnitCountOnPlanet",
			"unit_type_string0": "Fabber & Basic",
			"compare0": "<",
			"value0": 12
		},
		{
			"test_type": "CanAffordPotentialDrain",
			"string0": "BasicVehicleFabber"
		}],
		[{
			"test_type": "BaseThreatened",
			"boolean": false
		},
		{
			"test_type": "UnitCountOnPlanet",
			"unit_type_string0": "Fabber & Basic",
			"compare0": "<",
			"value0": 2
		}]]
	},
	{
		"name": "Basic Assault Bot",
		"to_build": "BasicAssaultBot",
		"instance_count": -1,
		"max_num_assisters": 10,
		"priority": 97,
		"builders": ["BasicBotFactory"],
		"build_conditions": [[{
			"test_type": "AloneOnPlanet",
			"boolean": false
		},
		{
			"test_type": "CanAffordBuildDemand"
		}],
		[{
			"test_type": "AloneOnPlanet",
			"boolean": true
		},
		{
			"test_type": "CanAffordBuildDemand"
		},
		{
			"test_type": "OtherPlanetNeedsLandUnitAssistance",
			"boolean": true
		},
		{
			"test_type": "UnitCountOnPlanet",
			"unit_type_string0": "Structure & Teleporter",
			"compare0": ">",
			"value0": 0
		}]]
	},
	{
		"name": "Basic AA Skirmish Bot",
		"to_build": "BasicAASkirmishBot",
		"instance_count": -1,
		"max_num_assisters": 10,
		"priority": 97,
		"builders": ["BasicBotFactory"],
		"build_conditions": [[{
			"test_type": "AloneOnPlanet",
			"boolean": false
		},
		{
			"test_type": "CanAffordBuildDemand"
		},
		{
			"test_type": "UnitRatioOnPlanet",
			"unit_type_string0": "(Tank | Bot) & AirDefense",
			"unit_type_string1": "(Tank | Bot) - Fabber",
			"compare0": "<",
			"value0": 0.1
		}],
		[{
			"test_type": "BaseThreatRatio",
			"string0": "Air",
			"string1": "AntiAir",
			"compare0": ">",
			"value0": 1.0
		}],		
		[{
			"test_type": "AloneOnPlanet",
			"boolean": true
		},
		{
			"test_type": "CanAffordBuildDemand"
		},
		{
			"test_type": "OtherPlanetNeedsLandUnitAssistance",
			"boolean": true
		},
		{
			"test_type": "UnitCountOnPlanet",
			"unit_type_string0": "Structure & Teleporter",
			"compare0": ">",
			"value0": 0
		}]]
	},
	{
		"name": "Basic Artillery Bot",
		"to_build": "BasicArtilleryBot",
		"instance_count": -1,
		"max_num_assisters": 10,
		"priority": 97,
		"builders": ["BasicBotFactory"],
		"build_conditions": [[{
			"test_type": "AloneOnPlanet",
			"boolean": false
		},
		{
			"test_type": "CanAffordBuildDemand"
		},
		{
			"test_type": "UnitRatioOnPlanet",
			"unit_type_string0": "(Tank | Bot) & Artillery",
			"unit_type_string1": "(Tank | Bot) - Fabber",
			"compare0": "<",
			"value0": 0.35
		}],
		[{
			"test_type": "AloneOnPlanet",
			"boolean": true
		},
		{
			"test_type": "CanAffordBuildDemand"
		},
		{
			"test_type": "UnitRatioOnPlanet",
			"unit_type_string0": "(Tank | Bot) & Artillery",
			"unit_type_string1": "(Tank | Bot) - Fabber",
			"compare0": "<",
			"value0": 0.35
		},
		{
			"test_type": "OtherPlanetNeedsLandUnitAssistance",
			"boolean": true
		},
		{
			"test_type": "UnitCountOnPlanet",
			"unit_type_string0": "Structure & Teleporter",
			"compare0": ">",
			"value0": 0
		}]]
	},
	{
		"name": "Basic Combat Fabber Bot",
		"to_build": "BasicBotCombatFabber",
		"instance_count": 1,
		"priority": 97,
		"builders": ["BasicBotFactory"],
		"build_conditions": [[{
			"test_type": "AloneOnPlanet",
			"boolean": false
		},
		{
			"test_type": "CanAffordBuildDemand"
		},
		{
			"test_type": "UnitRatioOnPlanet",
			"unit_type_string0": "(Bot & Construction) - Fabber",
			"unit_type_string1": "(Tank | Bot) - Fabber",
			"compare0": "<",
			"value0": 0.1
		}],
		[{
			"test_type": "AloneOnPlanet",
			"boolean": true
		},
		{
			"test_type": "CanAffordBuildDemand"
		},
		{
			"test_type": "UnitRatioOnPlanet",
			"unit_type_string0": "(Bot & Construction) - Fabber",
			"unit_type_string1": "(Tank | Bot) - Fabber",
			"compare0": "<",
			"value0": 0.1
		},
		{
			"test_type": "OtherPlanetNeedsLandUnitAssistance",
			"boolean": true
		},
		{
			"test_type": "UnitCountOnPlanet",
			"unit_type_string0": "Structure & Teleporter",
			"compare0": ">",
			"value0": 0
		}]]
	},
	{
		"name": "Land Scout - Intel",
		"to_build": "LandScout",
		"instance_count": 1,
		"shared_instance_count": "LandScout",
		"priority": 98,
		"builders": ["BasicVehicleFactory"],
		"build_conditions": [[{
			"test_type": "BaseThreatened",
			"boolean": false
		},
		{
			"test_type": "UnitCountOnPlanet",
			"unit_type_string0": "Air & Factory",
			"compare0": "<",
			"value0": 1
		},
		{
			"test_type": "UnitCountPerPlanetRadius",
			"unit_type_string0": "Land & Scout",
			"compare0": "<",
			"value0": 400
		},
		{
			"test_type": "HaveFullPlanetIntel",
			"boolean": false
		}],
		[{
			"test_type": "BaseThreatened",
			"boolean": false
		},
		{
			"test_type": "UnitCountOnPlanet",
			"unit_type_string0": "Air & Factory",
			"compare0": "<",
			"value0": 1
		},
		{
			"test_type": "UnitCountOnPlanet",
			"unit_type_string0": "Land & Scout",
			"compare0": "<",
			"value0": 1
		},
		{
			"test_type": "HaveFullPlanetIntel",
			"boolean": false
		}]]
	},
	{
		"name": "Land Scout",
		"to_build": "LandScout",
		"instance_count": 1,
		"shared_instance_count": "LandScout",
		"priority": 97,
		"builders": ["BasicVehicleFactory"],
		"build_conditions": [[{
			"test_type": "AloneOnPlanet",
			"boolean": false
		},
		{
			"test_type": "CanAffordBuildDemand"
		},
		{
			"test_type": "UnitRatioOnPlanet",
			"unit_type_string0": "Land & Scout",
			"unit_type_string1": "(Tank | Bot) - Fabber",
			"compare0": "<",
			"value0": 0.1
		}],
		[{
			"test_type": "AloneOnPlanet",
			"boolean": true
		},
		{
			"test_type": "CanAffordBuildDemand"
		},
		{
			"test_type": "UnitRatioOnPlanet",
			"unit_type_string0": "Land & Scout",
			"unit_type_string1": "(Tank | Bot) - Fabber",
			"compare0": "<",
			"value0": 0.1
		},
		{
			"test_type": "OtherPlanetNeedsLandUnitAssistance",
			"boolean": true
		},
		{
			"test_type": "UnitCountOnPlanet",
			"unit_type_string0": "Structure & Teleporter",
			"compare0": ">",
			"value0": 0
		}]]
	},
	{
		"name": "Light Laser Tank",
		"to_build": "LightLaserTank",
		"instance_count": -1,
		"max_num_assisters": 10,
		"priority": 97,
		"builders": ["BasicVehicleFactory"],
		"build_conditions": [[{
			"test_type": "AloneOnPlanet",
			"boolean": false
		},
		{
			"test_type": "CanAffordBuildDemand"
		}],
		[{
			"test_type": "AloneOnPlanet",
			"boolean": true
		},
		{
			"test_type": "CanAffordBuildDemand"
		},
		{
			"test_type": "OtherPlanetNeedsLandUnitAssistance",
			"boolean": true
		},
		{
			"test_type": "UnitCountOnPlanet",
			"unit_type_string0": "Structure & Teleporter",
			"compare0": ">",
			"value0": 0
		}]]
	},
	{
		"name": "Basic Armor Tank",
		"to_build": "BasicArmorTank",
		"instance_count": -1,
		"max_num_assisters": 10,
		"priority": 97,
		"builders": ["BasicVehicleFactory"],
		"build_conditions": [[{
			"test_type": "AloneOnPlanet",
			"boolean": false
		},
		{
			"test_type": "CanAffordBuildDemand"
		},
		{
			"test_type": "UnitRatioOnPlanet",
			"unit_type_string0": "Tank & Heavy",
			"unit_type_string1": "(Tank | Bot) - Fabber",
			"compare0": "<",
			"value0": 0.5
		}],
		[{
			"test_type": "AloneOnPlanet",
			"boolean": true
		},
		{
			"test_type": "CanAffordBuildDemand"
		},
		{
			"test_type": "UnitRatioOnPlanet",
			"unit_type_string0": "Tank & Heavy",
			"unit_type_string1": "(Tank | Bot) - Fabber",
			"compare0": "<",
			"value0": 0.5
		},
		{
			"test_type": "OtherPlanetNeedsLandUnitAssistance",
			"boolean": true
		},
		{
			"test_type": "UnitCountOnPlanet",
			"unit_type_string0": "Structure & Teleporter",
			"compare0": ">",
			"value0": 0
		}]]
	},
	{
		"name": "Basic AA Gatling Tank",
		"to_build": "BasicAAGatlingTank",
		"instance_count": 1,
		"priority": 97,
		"builders": ["BasicVehicleFactory"],
		"build_conditions": [[{
			"test_type": "AloneOnPlanet",
			"boolean": false
		},
		{
			"test_type": "CanAffordBuildDemand"
		},
		{
			"test_type": "UnitRatioOnPlanet",
			"unit_type_string0": "(Tank | Bot) & AirDefense",
			"unit_type_string1": "(Tank | Bot) - Fabber",
			"compare0": "<",
			"value0": 0.1
		}],
		[{
			"test_type": "BaseThreatRatio",
			"string0": "Air",
			"string1": "AntiAir",
			"compare0": ">",
			"value0": 1.0
		}],
		[{
			"test_type": "AloneOnPlanet",
			"boolean": true
		},
		{
			"test_type": "CanAffordBuildDemand"
		},
		{
			"test_type": "UnitRatioOnPlanet",
			"unit_type_string0": "(Tank | Bot) & AirDefense",
			"unit_type_string1": "(Tank | Bot) - Fabber",
			"compare0": "<",
			"value0": 0.1
		},
		{
			"test_type": "OtherPlanetNeedsLandUnitAssistance",
			"boolean": true
		},
		{
			"test_type": "UnitCountOnPlanet",
			"unit_type_string0": "Structure & Teleporter",
			"compare0": ">",
			"value0": 0
		}]]
	},
	{
		"name": "Basic AA Missile Vehicle",
		"to_build": "BasicAAMissileVehicle",
		"instance_count": 1,
		"priority": 97,
		"builders": ["BasicVehicleFactory"],
		"build_conditions": [[{
			"test_type": "AloneOnPlanet",
			"boolean": false
		},
		{
			"test_type": "CanAffordBuildDemand"
		},
		{
			"test_type": "UnitRatioOnPlanet",
			"unit_type_string0": "(Tank | Bot) & AirDefense",
			"unit_type_string1": "(Tank | Bot) - Fabber",
			"compare0": "<",
			"value0": 0.1
		}],
		[{
			"test_type": "BaseThreatRatio",
			"string0": "Air",
			"string1": "AntiAir",
			"compare0": ">",
			"value0": 1.0
		}],
		[{
			"test_type": "AloneOnPlanet",
			"boolean": true
		},
		{
			"test_type": "CanAffordBuildDemand"
		},
		{
			"test_type": "UnitRatioOnPlanet",
			"unit_type_string0": "(Tank | Bot) & AirDefense",
			"unit_type_string1": "(Tank | Bot) - Fabber",
			"compare0": "<",
			"value0": 0.1
		},
		{
			"test_type": "OtherPlanetNeedsLandUnitAssistance",
			"boolean": true
		},
		{
			"test_type": "UnitCountOnPlanet",
			"unit_type_string0": "Structure & Teleporter",
			"compare0": ">",
			"value0": 0
		}]]
	},
	{
		"name": "Advanced AA Flak Tank",
		"to_build": "AdvancedAAFlakTank",
		"instance_count": 1,
		"priority": 98,
		"builders": ["AdvancedVehicleFactory"],
		"build_conditions": [[{
			"test_type": "AloneOnPlanet",
			"boolean": false
		},
		{
			"test_type": "CanAffordBuildDemand"
		},
		{
			"test_type": "UnitRatioOnPlanet",
			"unit_type_string0": "(Tank | Bot) & AirDefense",
			"unit_type_string1": "(Tank | Bot) - Fabber",
			"compare0": "<",
			"value0": 0.1
		}],
		[{
			"test_type": "BaseThreatRatio",
			"string0": "Air",
			"string1": "AntiAir",
			"compare0": ">",
			"value0": 2.0
		}],
		[{
			"test_type": "AloneOnPlanet",
			"boolean": true
		},
		{
			"test_type": "CanAffordBuildDemand"
		},
		{
			"test_type": "UnitRatioOnPlanet",
			"unit_type_string0": "(Tank | Bot) & AirDefense",
			"unit_type_string1": "(Tank | Bot) - Fabber",
			"compare0": "<",
			"value0": 0.05
		},
		{
			"test_type": "OtherPlanetNeedsLandUnitAssistance",
			"boolean": true
		},
		{
			"test_type": "UnitCountOnPlanet",
			"unit_type_string0": "Structure & Teleporter",
			"compare0": ">",
			"value0": 0
		}]]
	},
	{
		"name": "Advanced Bot Fabber",
		"to_build": "AdvancedBotFabber",
		"instance_count": 1,
		"max_num_assisters": 15,
		"priority": 200,
		"builders": ["AdvancedBotFactory"],
		"build_conditions": [[{
			"test_type": "AloneOnPlanet",
			"boolean": false
		},
		{
			"test_type": "BaseThreatened",
			"boolean": false
		},
		{
			"test_type": "CanAffordBuildDemand"
		},
		{
			"test_type": "UnitRatioOnPlanet",
			"unit_type_string0": "(Tank | Bot) & Fabber & Advanced",
			"unit_type_string1": "(Tank | Bot) & Factory & Advanced",
			"compare0": "<",
			"value0": 3
		},
		{
			"test_type": "CanAffordPotentialDrain",
			"string0": "AdvancedBotFabber"
		}],
		[{
			"test_type": "AloneOnPlanet",
			"boolean": true
		},
		{
			"test_type": "CanAffordBuildDemand"
		},
		{
			"test_type": "UnitRatioOnPlanet",
			"unit_type_string0": "(Tank | Bot) & Fabber & Advanced",
			"unit_type_string1": "(Tank | Bot) & Factory & Advanced",
			"compare0": "<",
			"value0": 6
		},
		{
			"test_type": "CanAffordPotentialDrain",
			"string0": "AdvancedBotFabber"
		}],
		[{
			"test_type": "BaseThreatened",
			"boolean": false
		},
		{
			"test_type": "UnitCountOnPlanet",
			"unit_type_string0": "Fabber & Advanced",
			"compare0": "<",
			"value0": 1
		}]]
	},
	{
		"name": "Advanced Vehicle Fabber",
		"to_build": "AdvancedVehicleFabber",
		"instance_count": 1,
		"max_num_assisters": 15,
		"priority": 200,
		"builders": ["AdvancedVehicleFactory"],
		"build_conditions": [[{
			"test_type": "AloneOnPlanet",
			"boolean": false
		},
		{
			"test_type": "BaseThreatened",
			"boolean": false
		},
		{
			"test_type": "CanAffordBuildDemand"
		},
		{
			"test_type": "UnitRatioOnPlanet",
			"unit_type_string0": "(Tank | Bot) & Fabber & Advanced",
			"unit_type_string1": "(Tank | Bot) & Factory & Advanced",
			"compare0": "<",
			"value0": 3
		},
		{
			"test_type": "CanAffordPotentialDrain",
			"string0": "AdvancedVehicleFabber"
		}],
		[{
			"test_type": "AloneOnPlanet",
			"boolean": true
		},
		{
			"test_type": "CanAffordBuildDemand"
		},
		{
			"test_type": "UnitRatioOnPlanet",
			"unit_type_string0": "(Tank | Bot) & Fabber & Advanced",
			"unit_type_string1": "(Tank | Bot) & Factory & Advanced",
			"compare0": "<",
			"value0": 6
		},
		{
			"test_type": "CanAffordPotentialDrain",
			"string0": "AdvancedVehicleFabber"
		}],
		[{
			"test_type": "BaseThreatened",
			"boolean": false
		},
		{
			"test_type": "UnitCountOnPlanet",
			"unit_type_string0": "Fabber & Advanced",
			"compare0": "<",
			"value0": 1
		}]]
	},
	{
		"name": "Advanced Assault Bot",
		"to_build": "AdvancedAssaultBot",
		"instance_count": -1,
		"max_num_assisters": 15,
		"priority": 199,
		"builders": ["AdvancedBotFactory"],
		"build_conditions": [[{
			"test_type": "AloneOnPlanet",
			"boolean": false
		},
		{
			"test_type": "CanAffordBuildDemand"
		}],
		[{
			"test_type": "AloneOnPlanet",
			"boolean": true
		},
		{
			"test_type": "CanAffordBuildDemand"
		},
		{
			"test_type": "OtherPlanetNeedsLandUnitAssistance",
			"boolean": true
		},
		{
			"test_type": "UnitCountOnPlanet",
			"unit_type_string0": "Structure & Teleporter",
			"compare0": ">",
			"value0": 0
		}]]
	},
	{
		"name": "Advanced Combat Fabber Bot",
		"to_build": "AdvancedBotCombatFabber",
		"instance_count": 1,
		"priority": 199,
		"builders": ["AdvancedBotFactory"],
		"build_conditions": [[{
			"test_type": "AloneOnPlanet",
			"boolean": false
		},
		{
			"test_type": "CanAffordBuildDemand"
		},
		{
			"test_type": "UnitRatioOnPlanet",
			"unit_type_string0": "(Bot & Construction) - Fabber",
			"unit_type_string1": "(Tank | Bot) - Fabber",
			"compare0": "<",
			"value0": 0.1
		}],
		[{
			"test_type": "AloneOnPlanet",
			"boolean": true
		},
		{
			"test_type": "CanAffordBuildDemand"
		},
		{
			"test_type": "UnitRatioOnPlanet",
			"unit_type_string0": "(Bot & Construction) - Fabber",
			"unit_type_string1": "(Tank | Bot) - Fabber",
			"compare0": "<",
			"value0": 0.1
		},
		{
			"test_type": "OtherPlanetNeedsLandUnitAssistance",
			"boolean": true
		},
		{
			"test_type": "UnitCountOnPlanet",
			"unit_type_string0": "Structure & Teleporter",
			"compare0": ">",
			"value0": 0
		}]]
	},
	{
		"name": "Advanced Artillery Bot",
		"to_build": "AdvancedArtilleryBot",
		"instance_count": -1,
		"max_num_assisters": 15,
		"priority": 199,
		"builders": ["AdvancedBotFactory"],
		"build_conditions": [[{
			"test_type": "AloneOnPlanet",
			"boolean": false
		},
		{
			"test_type": "CanAffordBuildDemand"
		},
		{
			"test_type": "UnitRatioOnPlanet",
			"unit_type_string0": "(Tank | Bot) & Artillery",
			"unit_type_string1": "(Tank | Bot) - Fabber",
			"compare0": "<",
			"value0": 0.35
		}],
		[{
			"test_type": "AloneOnPlanet",
			"boolean": true
		},
		{
			"test_type": "CanAffordBuildDemand"
		},
		{
			"test_type": "UnitRatioOnPlanet",
			"unit_type_string0": "(Tank | Bot) & Artillery",
			"unit_type_string1": "(Tank | Bot) - Fabber",
			"compare0": "<",
			"value0": 0.35
		},
		{
			"test_type": "OtherPlanetNeedsLandUnitAssistance",
			"boolean": true
		},
		{
			"test_type": "UnitCountOnPlanet",
			"unit_type_string0": "Structure & Teleporter",
			"compare0": ">",
			"value0": 0
		}]]
	},
	{
		"name": "Advanced Tactical Bot",
		"to_build": "TMLBot",
		"instance_count": -1,
		"max_num_assisters": 15,
		"priority": 199,
		"builders": ["AdvancedBotFactory"],
		"build_conditions": [[{
			"test_type": "AloneOnPlanet",
			"boolean": false
		},
		{
			"test_type": "CanAffordBuildDemand"
		},
		{
			"test_type": "UnitRatioOnPlanet",
			"unit_type_string0": "(Tank | Bot) & Tactical",
			"unit_type_string1": "(Tank | Bot) - Fabber",
			"compare0": "<",
			"value0": 0.35
		}],
		[{
			"test_type": "AloneOnPlanet",
			"boolean": true
		},
		{
			"test_type": "CanAffordBuildDemand"
		},
		{
			"test_type": "UnitRatioOnPlanet",
			"unit_type_string0": "(Tank | Bot) & Tactical",
			"unit_type_string1": "(Tank | Bot) - Fabber",
			"compare0": "<",
			"value0": 0.35
		},
		{
			"test_type": "OtherPlanetNeedsLandUnitAssistance",
			"boolean": true
		},
		{
			"test_type": "UnitCountOnPlanet",
			"unit_type_string0": "Structure & Teleporter",
			"compare0": ">",
			"value0": 0
		}]]
	},
	{
		"name": "Advanced Laser Tank",
		"to_build": "AdvancedLaserTank",
		"instance_count": -1,
		"max_num_assisters": 15,
		"priority": 199,
		"builders": ["AdvancedVehicleFactory"],
		"build_conditions": [[{
			"test_type": "AloneOnPlanet",
			"boolean": false
		},
		{
			"test_type": "CanAffordBuildDemand"
		}],
		[{
			"test_type": "AloneOnPlanet",
			"boolean": true
		},
		{
			"test_type": "CanAffordBuildDemand"
		},
		{
			"test_type": "OtherPlanetNeedsLandUnitAssistance",
			"boolean": true
		},
		{
			"test_type": "UnitCountOnPlanet",
			"unit_type_string0": "Structure & Teleporter",
			"compare0": ">",
			"value0": 0
		}]]
	},
	{
		"name": "Advanced Armor Tank",
		"to_build": "AdvancedArmorTank",
		"instance_count": -1,
		"max_num_assisters": 15,
		"priority": 199,
		"builders": ["AdvancedVehicleFactory"],
		"build_conditions": [[{
			"test_type": "AloneOnPlanet",
			"boolean": false
		},
		{
			"test_type": "CanAffordBuildDemand"
		},
		{
			"test_type": "UnitRatioOnPlanet",
			"unit_type_string0": "Tank & Heavy",
			"unit_type_string1": "(Tank | Bot) - Fabber",
			"compare0": "<",
			"value0": 0.5
		}],
		[{
			"test_type": "AloneOnPlanet",
			"boolean": true
		},
		{
			"test_type": "CanAffordBuildDemand"
		},
		{
			"test_type": "UnitRatioOnPlanet",
			"unit_type_string0": "Tank & Heavy",
			"unit_type_string1": "(Tank | Bot) - Fabber",
			"compare0": "<",
			"value0": 0.5
		},
		{
			"test_type": "OtherPlanetNeedsLandUnitAssistance",
			"boolean": true
		},
		{
			"test_type": "UnitCountOnPlanet",
			"unit_type_string0": "Structure & Teleporter",
			"compare0": ">",
			"value0": 0
		}]]
	},
	{
		"name": "Advanced Artillery Vehicle",
		"to_build": "AdvancedArtilleryVehicle",
		"instance_count": -1,
		"max_num_assisters": 15,
		"priority": 199,
		"builders": ["AdvancedVehicleFactory"],
		"build_conditions": [[{
			"test_type": "AloneOnPlanet",
			"boolean": false
		},
		{
			"test_type": "CanAffordBuildDemand"
		},
		{
			"test_type": "UnitRatioOnPlanet",
			"unit_type_string0": "(Tank | Bot) & Artillery",
			"unit_type_string1": "(Tank | Bot) - Fabber",
			"compare0": "<",
			"value0": 0.35
		}],
		[{
			"test_type": "AloneOnPlanet",
			"boolean": true
		},
		{
			"test_type": "CanAffordBuildDemand"
		},
		{
			"test_type": "UnitRatioOnPlanet",
			"unit_type_string0": "(Tank | Bot) & Artillery",
			"unit_type_string1": "(Tank | Bot) - Fabber",
			"compare0": "<",
			"value0": 0.35
		},
		{
			"test_type": "OtherPlanetNeedsLandUnitAssistance",
			"boolean": true
		},
		{
			"test_type": "UnitCountOnPlanet",
			"unit_type_string0": "Structure & Teleporter",
			"compare0": ">",
			"value0": 0
		}]]
	}]
}