{
	"base_spec": "/pa/ammo/base_ammo/base_ammo.json",
	"flight_type": "Ballistic",
	"model": {
		"filename": ""
	},
	"fx_trail": {
		"filename": "/pa/effects/specs/bullet_proj_trail.pfx",
		"offset": [0.0,
		0.0,
		0.0]
	},
	"events": {
		"died": {
			"audio_cue": "/SE/Impacts/shell_bullet",
			"effect_spec": "/pa/effects/specs/default_proj_explosion.pfx"
		}
	},
	"damage": 5,
	"splash_damage": 0,
	"splash_radius": 0,
	"lifetime": 2,
	"initial_velocity": 50.0,
	"max_velocity": 50.0
}