{
    "build_list": [
        {
            "name": "Orbital Fabber",
            "to_build": "OrbitalFabber",
            "instance_count": 1,
            "max_num_assisters": 5,
            "priority": 101,
            "builders": [
                "OrbitalLauncher",
                "OrbitalFactory"
            ],
            "build_conditions": [
                [
                    {
                        "test_type": "BaseThreat",
                        "string0": "Orbital",
                        "compare0": "<=",
                        "value0": 0
                    },
                    {
                        "test_type": "CanAffordBuildDemand"
                    },
                    {
                        "test_type": "UnitCountOnPlanet",
                        "unit_type_string0": "Fabber & Orbital",
                        "compare0": "<",
                        "value0": 5
                    },
                    {
                        "test_type": "CanAffordPotentialDrain",
                        "string0": "OrbitalFabber"
                    }
                ]
            ]
        },
        {
            "name": "Basic Radar Sattelite",
            "to_build": "BasicRadarSattelite",
            "instance_count": 1,
            "priority": 100,
            "builders": [
                "OrbitalLauncher",
                "OrbitalFactory"
            ],
            "build_conditions": [
                [
                    {
                        "test_type": "CanAffordBuildDemand"
                    },
                    {
                        "test_type": "CanAffordPotentialDrain",
                        "string0": "BasicRadarSattelite"
                    },
                    {
                        "test_type": "UnitCountPerPlanetRadius",
                        "unit_type_string0": "Orbital & Recon - Structure",
                        "compare0": "<",
                        "value0": 150
                    },
                    {
                        "test_type": "UnitCountOnPlanet",
                        "unit_type_string0": "Orbital & Recon & Advanced - Structure",
                        "compare0": "<",
                        "value0": 1
                    }
                ]
            ]
        },
        {
            "name": "Basic Radar Sattelite - Pri",
            "to_build": "BasicRadarSattelite",
            "instance_count": 1,
            "priority": 102,
            "builders": [
                "OrbitalLauncher",
                "OrbitalFactory"
            ],
            "build_conditions": [
                [
                    {
                        "test_type": "CanAffordBuildDemand"
                    },
                    {
                        "test_type": "CanAffordPotentialDrain",
                        "string0": "BasicRadarSattelite"
                    },
                    {
                        "test_type": "UnitCountOnPlanet",
                        "unit_type_string0": "Orbital & Recon & Basic - Structure",
                        "compare0": "<",
                        "value0": 1
                    },
                    {
                        "test_type": "UnitCountOnPlanet",
                        "unit_type_string0": "Orbital & Recon & Advanced - Structure",
                        "compare0": "<",
                        "value0": 1
                    }
                ],
                [
                    {
                        "test_type": "CanAffordBuildDemand"
                    },
                    {
                        "test_type": "CanAffordPotentialDrain",
                        "string0": "BasicRadarSattelite"
                    },
                    {
                        "test_type": "OtherPlanetNeedsReconAssistance",
                        "boolean": true
                    },
                    {
                        "test_type": "UnitCountOnPlanet",
                        "unit_type_string0": "Orbital & Recon & Advanced - Structure",
                        "compare0": "<",
                        "value0": 1
                    }
                ]
            ]
        },
        {
            "name": "Orbital Missile",
            "to_build": "OrbitalMissile",
            "instance_count": 1,
            "max_num_assisters": 5,
            "priority": 100,
            "builders": [
                "OrbitalLauncher",
                "OrbitalFactory"
            ],
            "build_conditions": [
                [
                    {
                        "test_type": "CanAffordBuildDemand"
                    },
                    {
                        "test_type": "SystemThreat",
                        "string0": "Orbital",
                        "compare0": ">",
                        "value0": 0
                    },
                    {
                        "test_type": "UnitCountPerPlanetRadius",
                        "unit_type_string0": "Orbital & Fighter",
                        "compare0": "<",
                        "value0": 15
                    }
                ]
            ]
        },
        {
            "name": "Orbital Missile - Threat",
            "to_build": "OrbitalMissile",
            "instance_count": 1,
            "max_num_assisters": 5,
            "priority": 200,
            "builders": [
                "OrbitalLauncher",
                "OrbitalFactory"
            ],
            "build_conditions": [
                [
                    {
                        "test_type": "CanAffordBuildDemand"
                    },
                    {
                        "test_type": "SystemThreat",
                        "string0": "Orbital",
                        "compare0": ">",
                        "value0": 0
                    },
                    {
                        "test_type": "UnitCountOnPlanet",
                        "unit_type_string0": "Orbital & Fighter",
                        "compare0": "<",
                        "value0": 3
                    }
                ],
                [
                    {
                        "test_type": "CanAffordBuildDemand"
                    },
                    {
                        "test_type": "BaseThreat",
                        "string0": "Orbital",
                        "compare0": ">",
                        "value0": 0
                    },
                    {
                        "test_type": "UnitCountInBase",
                        "unit_type_string0": "Orbital & Fighter",
                        "compare0": "<",
                        "value0": 3
                    }
                ],
                [
                    {
                        "test_type": "CanAffordBuildDemand"
                    },
                    {
                        "test_type": "PlanetThreatRatio",
                        "string0": "Orbital",
                        "string1": "AntiOrbital",
                        "compare0": ">",
                        "value0": 1
                    }
                ]
            ]
        },
        {
            "name": "Orbital Defense Satellite",
            "to_build": "OrbitalDefenseSatellite",
            "instance_count": 1,
            "max_num_assisters": 5,
            "priority": 100,
            "builders": [
                "OrbitalFactory"
            ],
            "build_conditions": [
                [
                    {
                        "test_type": "CanAffordBuildDemand"
                    },
                    {
                        "test_type": "SystemThreat",
                        "string0": "Orbital",
                        "compare0": ">",
                        "value0": 0
                    },
                    {
                        "test_type": "UnitCountPerPlanetRadius",
                        "unit_type_string0": "Orbital & Fighter & Advanced",
                        "compare0": "<",
                        "value0": 2
                    }
                ]
            ]
        },
        {
            "name": "Orbital Defense Satellite - Threat",
            "to_build": "OrbitalDefenseSatellite",
            "instance_count": 1,
            "max_num_assisters": 5,
            "priority": 200,
            "builders": [
                "OrbitalFactory"
            ],
            "build_conditions": [
                [
                    {
                        "test_type": "CanAffordBuildDemand"
                    },
                    {
                        "test_type": "SystemThreat",
                        "string0": "Orbital",
                        "compare0": ">",
                        "value0": 0
                    },
                    {
                        "test_type": "UnitCountOnPlanet",
                        "unit_type_string0": "Orbital & Fighter & Advanced",
                        "compare0": "<",
                        "value0": 1
                    }
                ],
                [
                    {
                        "test_type": "CanAffordBuildDemand"
                    },
                    {
                        "test_type": "BaseThreat",
                        "string0": "Orbital",
                        "compare0": ">",
                        "value0": 0
                    },
                    {
                        "test_type": "UnitCountInBase",
                        "unit_type_string0": "Orbital & Fighter & Advanced",
                        "compare0": "<",
                        "value0": 1
                    }
                ],
                [
                    {
                        "test_type": "CanAffordBuildDemand"
                    },
                    {
                        "test_type": "PlanetThreatRatio",
                        "string0": "Orbital",
                        "string1": "AntiOrbital",
                        "compare0": ">",
                        "value0": 1
                    }
                ]
            ]
        },
        {
            "name": "Orbital Sniper",
            "to_build": "OrbitalSniper",
            "instance_count": 1,
            "max_num_assisters": 5,
            "priority": 100,
            "builders": [
                "OrbitalFactory"
            ],
            "build_conditions": [
                [
                    {
                        "test_type": "CanAffordBuildDemand"
                    },
                    {
                        "test_type": "SystemThreat",
                        "string0": "Orbital",
                        "compare0": ">",
                        "value0": 0
                    },
                    {
                        "test_type": "UnitCountPerPlanetRadius",
                        "unit_type_string0": "Orbital & Bomber & Advanced",
                        "compare0": "<",
                        "value0": 2
                    }
                ]
            ]
        },
        {
            "name": "Orbital Sniper - Threat",
            "to_build": "OrbitalSniper",
            "instance_count": 1,
            "max_num_assisters": 5,
            "priority": 200,
            "builders": [
                "OrbitalFactory"
            ],
            "build_conditions": [
                [
                    {
                        "test_type": "CanAffordBuildDemand"
                    },
                    {
                        "test_type": "SystemThreat",
                        "string0": "Orbital",
                        "compare0": ">",
                        "value0": 0
                    },
                    {
                        "test_type": "UnitCountOnPlanet",
                        "unit_type_string0": "Orbital & Bomber & Advanced",
                        "compare0": "<",
                        "value0": 1
                    }
                ],
                [
                    {
                        "test_type": "CanAffordBuildDemand"
                    },
                    {
                        "test_type": "BaseThreat",
                        "string0": "Orbital",
                        "compare0": ">",
                        "value0": 0
                    },
                    {
                        "test_type": "UnitCountInBase",
                        "unit_type_string0": "Orbital & Bomber & Advanced",
                        "compare0": "<",
                        "value0": 1
                    }
                ],
                [
                    {
                        "test_type": "CanAffordBuildDemand"
                    },
                    {
                        "test_type": "PlanetThreatRatio",
                        "string0": "Orbital",
                        "string1": "AntiOrbital",
                        "compare0": ">",
                        "value0": 1
                    }
                ]
            ]
        },
        {
            "name": "Orbital Lander",
            "to_build": "OrbitalLander",
            "instance_count": 1,
            "max_num_assisters": 5,
            "priority": 111,
            "builders": [
                "OrbitalLauncher",
                "OrbitalFactory"
            ],
            "build_conditions": [
                [
                    {
                        "test_type": "CanAffordBuildDemand"
                    },
                    {
                        "test_type": "PlanetWithoutPresence",
                        "boolean": true
                    },
                    {
                        "test_type": "UnitCountOnPlanet",
                        "unit_type_string0": "Orbital & Transport",
                        "compare0": "<",
                        "value0": 1
                    }
                ]
            ]
        },
        {
            "name": "Orbital Lander - Commander Evac",
            "to_build": "OrbitalLander",
            "instance_count": 1,
            "min_num_assisters": 8,
            "max_num_assisters": 20,
            "priority": 600,
            "builders": [
                "OrbitalLauncher",
                "OrbitalFactory"
            ],
            "build_conditions": [
                [
                    {
                        "test_type": "CanAffordBuildDemand"
                    },
                    {
                        "test_type": "BaseThreat",
                        "string0": "Orbital",
                        "compare0": "<=",
                        "value0": 0
                    },
                    {
                        "test_type": "WantCommanderOffPlanet",
                        "boolean": true
                    },
                    {
                        "test_type": "UnitCountOnPlanet",
                        "unit_type_string0": "Orbital & Transport",
                        "compare0": "<",
                        "value0": 1
                    }
                ]
            ]
        },
        {
            "name": "Orbital Death Laser",
            "to_build": "OrbitalDeathLaser",
            "instance_count": 1,
            "priority": 195,
            "builders": [
                "OrbitalFactory"
            ],
            "build_conditions": [
                [
                    {
                        "test_type": "AloneOnPlanet",
                        "boolean": false
                    },
                    {
                        "test_type": "CanAffordBuildDemand"
                    },
                    {
                        "test_type": "UnitCountOnPlanet",
                        "unit_type_string0": "Orbital & LaserPlatform",
                        "compare0": "<",
                        "value0": 4
                    }
                ]
            ]
        },
        {
            "name": "Advanced Radar Sattelite",
            "to_build": "AdvancedRadarSattelite",
            "instance_count": 1,
            "priority": 196,
            "builders": [
                "OrbitalFactory"
            ],
            "build_conditions": [
                [
                    {
                        "test_type": "CanAffordBuildDemand"
                    },
                    {
                        "test_type": "CanAffordPotentialDrain",
                        "string0": "AdvancedRadarSattelite"
                    },
                    {
                        "test_type": "UnitCountPerPlanetRadius",
                        "unit_type_string0": "Orbital & Recon & Advanced - Structure",
                        "compare0": "<",
                        "value0": 250
                    }
                ],
                [
                    {
                        "test_type": "CanAffordBuildDemand"
                    },
                    {
                        "test_type": "CanAffordPotentialDrain",
                        "string0": "AdvancedRadarSattelite"
                    },
                    {
                        "test_type": "OtherPlanetNeedsReconAssistance",
                        "boolean": true
                    }
                ]
            ]
        }
    ]
}