{
  "base_spec": "/pa/units/land_combat/base_structure/base_structure.json",
  "display_name": "Barrage Laser Defense Tower",
  "description": "Salvo Heavy-Hitter Tower: Shreds units at medium range. Uses energy. Weak against Long-Range & Heavy-Hitter ",
  "display_group": 20,
  "display_index": 100,
  "max_health": 1600,
  "build_metal_cost": 2500,
  "atrophy_rate": 70,
  "atrophy_cool_down": 30,
  "spawn_layers": "WL_AnyHorizontalGroundOrWaterSurface",
  "unit_types": [
    "UNITTYPE_Structure",
    "UNITTYPE_Advanced",
    "UNITTYPE_Land",
    "UNITTYPE_SurfaceDefense",
    "UNITTYPE_Defense",
    "UNITTYPE_FabAdvBuild"
  ],
  "command_caps": [
    "ORDER_Attack"
  ],
  "guard_radius": 130,
  "guard_layer": "WL_AnySurface",
  "recon": {
    "observer": {
      "items": [
        {
          "layer": "surface_and_air",
          "channel": "sight",
          "shape": "capsule",
          "radius": 130
        }
      ]
    }
  },
  "model": [
    {
      "layer": "WL_LandHorizontal",
      "filename": "/pa/units/land/laser_defense_adv/laser_defense_adv.papa",
      "animtree": "/pa/anim/anim_trees/defense_turret_adv_anim_tree.json",
      "skirt_decal": "/pa/effects/specs/skirt_defense_adv.json"
    },
    {
      "layer": "WL_WaterSurface",
      "filename": "/pa/units/sea/floating_laser_adv/floating_laser_adv.papa",
      "animtree": "/pa/anim/anim_trees/defense_turret_adv_anim_tree.json"
    }
  ],
  "tools": [
    {
      "spec_id": "/pa/units/land_combat/laser_defense_triple/laser_defense_triple_tool_weapon.json",
      "aim_bone": "bone_pitch",
      "muzzle_bone": [
        "socket_rightMuzzle",
        "socket_centerMuzzle",
        "socket_leftMuzzle"
      ]
    }
  ],
  "events": {
    "build_complete": {
      "audio_cue": "/SE/Build_Complete/structure_small"
    },
    "died": {
      "audio_cue": "/SE/Death/structure_small",
      "effect_scale": 0.5
    },
    "fired": {
      "audio_cue": "/SE/Weapons/structure/laser_defense_ADV_fire",
      "effect_spec": "/pa/effects/specs/default_muzzle_flash.pfx socket_rightMuzzle /pa/effects/specs/default_muzzle_flash.pfx socket_centerMuzzle /pa/effects/specs/default_muzzle_flash.pfx socket_leftMuzzle"
    }
  },
  "mesh_bounds": [
    8,
    8,
    23
  ],
  "area_build_separation": 18,
  "TEMP_texelinfo": 15.3609
}