{
  "strategic_icon_priority":3,
  "base_spec": "/pa/units/land_bots/base_bot/base_bot.json",
  "display_name": "Bluehawk",
  "description": "Long-Range Suppression Bot: Tactical missiles, can target orbital units. Uses Metal. Weak vs Flankers & Assault",
  "display_group": 40,
  "display_index": 60,
  "build_metal_cost": 550,
  "max_health": 250,
  "attachable": {
    "offsets": {
      "root": [
        0,
        0,
        0
      ],
      "head": [
        0,
        -1.1,
        9.2
      ]
    }
  },
  "unit_types": [
    "UNITTYPE_Bot",
    "UNITTYPE_Mobile",
    "UNITTYPE_Land",
    "UNITTYPE_Advanced",
    "UNITTYPE_FactoryBuild"
  ],
  "transportable": {
    "size": 1
  },
  "guard_layer": "WL_Orbital",
  "navigation": {
    "type": "land-small",
    "acceleration": 120,
    "brake": 120,
    "move_speed": 9,
    "turn_speed": 720,
    "group_preference": "back",
    "aggressive_distance": 240
  },
  "physics": {
    "radius": 3.5,
    "push_class": 15
  },
  "recon": {
    "observer": {
      "items": [
        {
          "layer": "surface_and_air",
          "channel": "sight",
          "shape": "capsule",
          "radius": 100
        },
        {
          "layer": "orbital",
          "channel": "sight",
          "shape": "capsule",
          "radius": 200
        }
      ]
    }
  },
  "model": {
    "filename": "/pa/units/land/bot_tactical_missile/bot_tactical_missile.papa",
    "animations": {
      "death01": "/pa/units/land/bot_tactical_missile/bot_tactical_missile_anim_death01.papa",
      "run": "/pa/units/land/bot_tactical_missile/bot_tactical_missile_anim_run.papa",
      "fire": "/pa/units/land/bot_tactical_missile/bot_tactical_missile_anim_fire.papa",
      "idle": "/pa/units/land/bot_tactical_missile/bot_tactical_missile_anim_idle.papa"
    },
    "animtree": "/pa/anim/anim_trees/bot_tactical_missile_anim_tree.json",
    "walk_speed": 9
  },
  "nearby_target_tick_update_interval": 3,
  "tools": [
    {
      "spec_id": "/pa/units/land_bots/bot_tactical_missile/bot_tactical_missile_tool_weapon.json",
      "aim_bone": "bone_backpack",
      "muzzle_bone": [
        "socket_rightMuzzle",
        "socket_leftMuzzle"
      ]
    }
  ],
  "events": {
    "build_complete": {
      "audio_cue": "/SE/Build_Complete/bot"
    },
    "died": {
      "audio_cue": "/SE/Death/bot",
      "effect_scale": 1
    },
    "fired": {
      "audio_cue": "/SE/Weapons/bot/bot_tactical_missile_fire",
      "effect_spec": "/pa/effects/specs/default_muzzle_flash.pfx socket_leftMuzzle /pa/effects/specs/default_muzzle_flash.pfx socket_rightMuzzle"
    }
  },
  "audio": {
    "loops": {
      "move": {
        "cue": "/SE/Movement/bot/aa_loop",
        "flag": "vel_changed",
        "should_start_func": "is_moving",
        "should_stop_func": "is_not_moving"
      }
    }
  },
  "TEMP_texelinfo": 5.47132,
  "mesh_bounds":[
    8.2,
    7,
    9.6
  ]
}