{"build_list":[{"name":"Basic Air Fabber","to_build":"BasicAirFabber","instance_count":1,"max_num_assisters":10,"priority":100,"builders":["BasicAirFactory"],"build_conditions":[[{"test_type":"AloneOnPlanet","boolean":false},{"test_type":"BaseThreatened","boolean":false},{"test_type":"CanAffordBuildDemand"},{"test_type":"UnitRatioOnPlanet","unit_type_string0":"Air & Fabber & Basic","unit_type_string1":"Air & Factory & Basic","compare0":"<","value0":3},{"test_type":"UnitCountOnPlanet","unit_type_string0":"Fabber & Basic","compare0":"<","value0":15},{"test_type":"CanAffordPotentialDrain","string0":"BasicAirFabber"}],[{"test_type":"AloneOnPlanet","boolean":true},{"test_type":"CanAffordBuildDemand"},{"test_type":"UnitRatioOnPlanet","unit_type_string0":"Air & Fabber & Basic","unit_type_string1":"Air & Factory & Basic","compare0":"<","value0":6},{"test_type":"CanAffordPotentialDrain","string0":"BasicAirFabber"}],[{"test_type":"BaseThreatened","boolean":false},{"test_type":"UnitCountOnPlanet","unit_type_string0":"Fabber & Basic","compare0":"<","value0":2}]]},{"name":"Air Scout","to_build":"AirScout","instance_count":1,"priority":98,"builders":["BasicAirFactory"],"build_conditions":[[{"test_type":"BaseThreatened","boolean":false},{"test_type":"UnitCountPerPlanetRadius","unit_type_string0":"Air & Scout","compare0":"<","value0":400},{"test_type":"HaveFullPlanetIntel","boolean":false}],[{"test_type":"BaseThreatened","boolean":false},{"test_type":"UnitCountOnPlanet","unit_type_string0":"Air & Scout","compare0":"<","value0":1},{"test_type":"HaveFullPlanetIntel","boolean":false}]]},{"name":"Basic Air Fighter","to_build":"BasicFighter","instance_count":-1,"max_num_assisters":10,"priority":97,"builders":["BasicAirFactory"],"build_conditions":[[{"test_type":"AloneOnPlanet","boolean":false},{"test_type":"CanAffordBuildDemand"},{"test_type":"UnitCountOnPlanet","unit_type_string0":"Fighter & Basic","compare0":"<","value0":50}],[{"test_type":"AloneOnPlanet","boolean":true},{"test_type":"CanAffordBuildDemand"},{"test_type":"UnitCountOnPlanet","unit_type_string0":"Fighter","compare0":"<","value0":20}],[{"test_type":"BaseThreatRatio","string0":"Air","string1":"AntiAir","compare0":">","value0":1.0}]]},{"name":"Basic Air Bomber","to_build":"BasicBomber","instance_count":-1,"max_num_assisters":10,"priority":97,"builders":["BasicAirFactory"],"build_conditions":[[{"test_type":"AloneOnPlanet","boolean":false},{"test_type":"CanAffordBuildDemand"}],[{"test_type":"AloneOnPlanet","boolean":true},{"test_type":"CanAffordBuildDemand"},{"test_type":"UnitCountOnPlanet","unit_type_string0":"Bomber","compare0":"<","value0":20}]]},{"name":"Advanced Air Fabber","to_build":"AdvancedAirFabber","instance_count":1,"max_num_assisters":15,"priority":200,"builders":["AdvancedAirFactory"],"build_conditions":[[{"test_type":"AloneOnPlanet","boolean":false},{"test_type":"BaseThreatened","boolean":false},{"test_type":"CanAffordBuildDemand"},{"test_type":"CanAffordPotentialDrain","string0":"AdvancedAirFabber"},{"test_type":"UnitRatioOnPlanet","unit_type_string0":"Air & Fabber & Advanced","unit_type_string1":"Air & Factory & Advanced","compare0":"<","value0":3}],[{"test_type":"AloneOnPlanet","boolean":true},{"test_type":"CanAffordBuildDemand"},{"test_type":"CanAffordPotentialDrain","string0":"AdvancedAirFabber"},{"test_type":"UnitRatioOnPlanet","unit_type_string0":"Air & Fabber & Advanced","unit_type_string1":"Air & Factory & Advanced","compare0":"<","value0":6}],[{"test_type":"BaseThreatened","boolean":false},{"test_type":"UnitCountOnPlanet","unit_type_string0":"Fabber & Advanced","compare0":"<","value0":1}]]},{"name":"Advanced Air Bomber","to_build":"AdvancedBomber","instance_count":-1,"max_num_assisters":15,"priority":199,"builders":["AdvancedAirFactory"],"build_conditions":[[{"test_type":"AloneOnPlanet","boolean":false},{"test_type":"CanAffordBuildDemand"}],[{"test_type":"AloneOnPlanet","boolean":true},{"test_type":"CanAffordBuildDemand"},{"test_type":"UnitCountOnPlanet","unit_type_string0":"Bomber","compare0":"<","value0":20}]]},{"name":"Advanced Gunship","to_build":"AdvancedGunship","instance_count":-1,"max_num_assisters":15,"priority":199,"builders":["AdvancedAirFactory"],"build_conditions":[[{"test_type":"AloneOnPlanet","boolean":false},{"test_type":"CanAffordBuildDemand"}],[{"test_type":"AloneOnPlanet","boolean":true},{"test_type":"CanAffordBuildDemand"},{"test_type":"UnitCountOnPlanet","unit_type_string0":"Gunship","compare0":"<","value0":20}]]}]}