{
	"max_health": 800,
	"display_group": 40,
	"events": {
		"died": {
			"audio_cue": "/SE/Death/Veh"
		},
		"build_complete": {
			"audio_cue": "/SE/Build_Complete/veh"
		},
		"firing": {
			"effect_spec": "/pa/effects/specs/tank_muzzle_flash.pfx socket_muzzle",
			"audio_cue": "/SE/Weapons/veh/tank_light_fire"
		}
	},
	"attachable": {
		"offsets": {
			"head": [0,
			0,
			2.7],
			"root": [0,
			0,
			0]
		}
	},
	"display_name": "Bolo",
	"description": "Tank: Anti-land and anti-ship guns",
	"TEMP_texelinfo": 5.84968,
	"guard_radius": 120,
	"tools": [{
		"aim_bone": "socket_aim",
		"spec_id": "/pa/units/land/tank_light_laser/tank_light_laser_tool_weapon.json",
		"muzzle_bone": "socket_muzzle"
	}],
	"build_metal_cost": 400,
	"headlights": [{
		"near_distance": 1.2,
		"gobo": "/pa/effects/textures/gobo/spotlight_gobo.papa",
		"offset": [0,
		-1,
		1.5],
		"far_distance": 20,
		"near_height": 2,
		"near_width": 2,
		"orientation": [0,
		65,
		0],
		"intensity": 1.4,
		"color": [0.9,
		0.92,
		1]
	}],
	"unit_types": ["UNITTYPE_Tank",
	"UNITTYPE_Mobile",
	"UNITTYPE_Land",
	"UNITTYPE_Basic",
	"UNITTYPE_FactoryBuild"],
	"navigation": {
		"type": "land-small",
		"turn_speed": 90,
		"move_speed": 13,
		"acceleration": 100,
		"brake": 100
	},
	"physics": {
		"push_class": 60,
		"radius": 4
	},
	"transportable": {
		"size": 1
	},
	"base_spec": "/pa/units/land/base_vehicle/base_vehicle.json",
	"recon": {
		"observer": {
			"items": [{
				"layer": "surface_and_air",
				"channel": "sight",
				"shape": "capsule",
				"radius": 100
			}]
		}
	},
	"guard_layer": "WL_LandHorizontal",
	"audio": {
		"loops": {
			"move": {
				"flag": "vel_changed",
				"should_start_func": "is_moving",
				"cue": "/SE/Movement/veh/tank_light_laser_loop",
				"should_stop_func": "is_not_moving"
			}
		}
	},
	"display_index": 80,
	"wreckage_health_frac": 1,
	"mesh_bounds": [4.93769,
	7.57193,
	2.6835],
	"model": {
		"arrows": 5,
		"filename": "/pa/units/land/tank_light_laser/tank_light_laser.papa",
		"animtree": "/pa/anim/anim_trees/turret.json"
	}
}