{
  "flock_cohesion_radius": 40, 
  "flock_cohesion_scalar": 0.1, 
  "flock_separation_radius": 2, 
  "flock_separation_scalar": 0.25, 
  "flock_velocity_radius": 40, 
  "flock_velocity_scalar": 0.25, 
  "formation_slot_cushion_air": 0.5, 
  "formation_slot_cushion_ground": 0.5, 
  "formation_slot_cushion_orbital": 2, 
  "formation_slot_cushion_water": 0.5, 
  "formation_slot_dist_min": 2, 
  "formation_slot_size_air": 2, 
  "formation_slot_size_ground": 2, 
  "formation_slot_size_orbital": 5, 
  "formation_slot_size_water": 5, 
  "formation_slot_speed_multiplier_max": 1.5, 
  "formation_slot_speed_multiplier_min": 0.1, 
  "formation_sub_group_merge_radius": 100
}