{"description":"Advanced Fighter: Anti-air missiles","recon":{"observer":{"items":[{"radius":150,"layer":"surface_and_air","shape":"capsule","channel":"sight"}]}},"TEMP_texelinfo":7.96209,"model":{"animations":{"landed":"/pa/units/air/fighter_adv/fighter_adv_anim_landed.papa"},"animtree":"/pa/anim/anim_trees/fighter_adv.json","filename":"/pa/units/air/fighter_adv/fighter_adv.papa"},"tools":[{"muzzle_bone":["bone_leftWing","bone_rightWing"],"aim_bone":"bone_root","spec_id":"/pa/units/air/fighter_adv/fighter_adv_tool_weapon.json"}],"audio":{"loops":{"move":{"cue":"/SE/Movement/air/air_fighter_loop","should_stop_func":"is_not_moving","flag":"vel_changed","should_start_func":"is_moving"}}},"unit_types":["UNITTYPE_Fighter","UNITTYPE_Air","UNITTYPE_Mobile","UNITTYPE_Advanced","UNITTYPE_FactoryBuild"],"navigation":{"bank_factor":10,"move_speed":75,"brake":75,"turn_speed":180,"acceleration":75,"aggressive_distance":50,"type":"air"},"max_health":350,"display_index":100,"guard_radius":200,"build_metal_cost":1440,"physics":{"radius":6,"gravity_scalar":1,"push_class":2},"display_group":60,"fx_offsets":[{"offset":[0,4.35,0.836],"filename":"/pa/units/air/fighter_adv/fighter_adv_jets.pfx","type":"moving_forward"}],"guard_layer":"WL_Air","events":{"build_complete":{"audio_cue":"/SE/Build_Complete/air"},"died":{"effect_spec":"/pa/effects/specs/default_explosion.pfx","audio_cue":"/SE/Death/Air"},"firing":{"audio_cue":"/SE/Weapons/air/fighter_fire"}},"display_name":"Peregrine","base_spec":"/pa/units/air/base_flyer/base_flyer.json"}