{
  "useable": {
    "range": 10,
    "type": "transport"
  },
  "display_name": "The Egg",
  "description": "The Egg: Initial Commander Transport",
  "recon": {
    "observer": {
      "items": [
        {
          "layer": "surface_and_air",
          "channel": "sight",
          "radius": 70,
          "shape": "capsule"
        }
      ]
    }
  },
  "physics": {
    "gravity_scalar": 0.001,
    "push_class": 15,
    "radius": 10
  },
  "max_health": 1100,
  "base_spec": "/pa/units/orbital/base_orbital/base_orbital.json",
  "storage": {
    "metal": 2400,
    "energy": 125000
  },
  "command_caps": [
    "ORDER_Move"
  ],
  "navigation": {
    "brake": 100,
    "dodge_radius": 10,
    "acceleration": 75,
    "wobble_speed": 0.01,
    "move_speed": 25,
    "hover_time": -1,
    "type": "orbital",
    "turn_speed": 135,
    "wobble_factor": 0.001,
    "dodge_multiplier": 1
  },
  "unit_types": [
    "UNITTYPE_Orbital",
    "UNITTYPE_Mobile"
  ],
  "model": {
    "filename": "/pa/units/orbital/orbital_lander/orbital_lander.papa"
  },
  "transporter": {
    "capacity": 1
  }
}