{"build_metal_cost":1600,"guard_radius":150,"display_index":85,"max_health":500,"area_build_separation":18,"atrophy_cool_down":30,"unit_types":["UNITTYPE_Structure","UNITTYPE_Advanced","UNITTYPE_Land","UNITTYPE_AirDefense","UNITTYPE_Defense","UNITTYPE_FabAdvBuild"],"command_caps":["ORDER_Attack"],"tools":[{"spec_id":"/pa/units/land/air_defense_adv/air_defense_adv_tool_weapon.json","aim_bone":"bone_pitch","muzzle_bone":["socket_rightMuzzle01","socket_leftMuzzle01","socket_rightMuzzle02","socket_leftMuzzle02"]}],"atrophy_rate":20,"model":[{"layer":"WL_LandHorizontal","animtree":"/pa/anim/anim_trees/air_defense_adv.json","filename":"/pa/units/land/air_defense_adv/air_defense_adv.papa","skirt_decal":"/pa/effects/specs/skirt_air_defense_adv.json"},{"layer":"WL_WaterSurface","animtree":"/pa/anim/anim_trees/fabrication_turret.json","filename":"/pa/units/sea/air_defense_adv/air_defense_adv.papa"}],"TEMP_texelinfo":9.09853,"recon":{"observer":{"items":[{"shape":"capsule","channel":"sight","radius":155,"layer":"surface_and_air"}]}},"nearby_target_tick_update_interval":3,"description":"Flak Cannon: Powers anti-air defense turret.","base_spec":"/pa/units/land/base_structure/base_structure.json","display_name":"Flak Cannon","events":{"build_complete":{"audio_cue":"/SE/Build_Complete/structure_small"},"died":{"audio_cue":"/SE/Death/structure_small","effect_scale":0.3},"firing":{"audio_cue":"/SE/Weapons/structure/air_defence_fire","effect_spec":"/pa/effects/specs/default_muzzle_flash.pfx socket_rightMuzzle01 /pa/effects/specs/default_muzzle_flash.pfx socket_leftMuzzle01"}},"guard_layer":"WL_Air","mesh_bounds":[5,5,10.7778],"spawn_layers":"WL_AnyHorizontalGroundOrWaterSurface","display_group":50}