{
  "base_spec": "/pa/ammo/base_ammo/base_ammo.json",
  "flight_type": "Ballistic",
  "model": {
    "filename": "/pa/units/air/shell/shell.papa"
  },
  "fx_trail": {
    "filename": "/pa/effects/specs/shell_proj_trail.pfx",
    "offset": [
      0,
      0.8,
      0
    ]
  },
  "events": {
    "died": {
      "audio_cue": "/SE/Impacts/shell_tank",
      "effect_spec": "/pa/effects/specs/default_proj_explosion.pfx"
    }
  },
  "damage": 0,
  "splash_damage": 0,
  "splash_radius": 1,
  "lifetime": 4,
  "initial_velocity": 50,
  "max_velocity": 50
}