{
	"base_spec": "/pa/tools/base_laser_turret/base_laser_turret.json",
	"ammo_id": "/pa/units/air/fighter/fighter_ammo.json",
	"rate_of_fire": 5,
	"max_range": 100,
	"firing_arc_yaw": 15,
	"firing_arc_pitch": 60,
	"yaw_rate": 360,
	"yaw_range": 15,
	"pitch_rate": 180,
	"pitch_range": 60,
	"auto_attack": true,
	"firing_standard_deviation": 3,
	"target_layers": ["WL_LandHorizontal",
	"WL_WaterSurface",
	"WL_Air"],
	"target_priorities": ["Air","Mobile",
	"Naval",
	"Structure - Wall",
	"Wall"]
	
}