{"blend_root":{"type":"unit_state","nodes":{"being_built":{"type":"bind_pose"},"living":{"type":"fly","node_idle":{"type":"bind_pose"},"node_fly":{"type":"playback","anim_name":"fly"}},"dead":{"type":"bind_pose"},"ghost":{"type":"bind_pose"}}},"skeleton_controls":[{"type":"fader","lerp_func":"not_being_built","child":{"type":"procedural_aim","rotation_bone":"bone_turret","rotation_axis":"z"}},{"type":"fader","lerp_func":"not_being_built","child":{"type":"procedural_aim","rotation_bone":"bone_pitch","rotation_axis":"x"}}]}