{"ammo_type":"AMMO_Projectile","flight_type":"Ballistic","spawn_layers":"WL_Air","model":{"filename":"/pa/units/air/shell/shell.papa"},"fx_trail":{"filename":"/pa/effects/specs/shell_proj_trail.pfx","offset":[0.0,0.8,0.0]},"physics":{"radius":1,"push_class":1,"gravity_scalar":5,"add_to_spatial_db":false,"allow_underground":true},"events":{"died":{"audio_cue":"/SE/Impacts/shell_tank","effect_spec":"/pa/effects/specs/default_proj_explosion.pfx"}},"damage":35,"splash_damage":35,"splash_radius":1,"lifetime":4,"initial_velocity":70.0,"max_velocity":70.0,"turn_rate":4}