{
  "base_spec": "/pa/ammo/base_ammo/base_ammo.json",
  "spawn_layers": "orbital",
  "flight_type": "Direct",
  "damage": 600,
  "splash_damage": 200,
  "splash_radius": 50,
  "full_damage_splash_radius": 2,
  "initial_velocity": 0.1,
  "max_velocity": 10000,
  "lifetime": 20,
  "model": {
    "filename": "/pa/units/air/missile_anti_nuke/missile_anti_nuke.papa"
  },
  "fx_trail": {
    "filename": "/pa/effects/specs/shell_proj_trail.pfx",
    "offset": [
      0,
      1.2,
      0
    ]
  },
  "events": {
    "died": {
      "audio_cue": "/SE/Impacts/missile_tactical",
      "effect_spec": "/pa/effects/specs/uber_proj_explosion.pfx"
    }
  },
  "physics": {
    "radius": 1,
    "push_class": 1,
    "gravity_scalar": 20,
    "ignore_gravity": false,
    "add_to_spatial_db": true
  }
}