{
  "base_spec": "/pa/tools/base_laser_turret/base_laser_turret.json",
  "ammo_id": "/pa/units/orbital/orbital_laser/orbital_laser_ammo.json",
  "ammo_source": "energy",
  "rate_of_fire": 1.0,
  "ammo_capacity": 10000,
  "ammo_demand": 1250,
  "ammo_per_shot": 10000,
  "max_range": 5,
  "yaw_rate": 720,
  "pitch_rate": 720,
  "yaw_range": 180,
  "pitch_range": 180,
  "standard_deviation": 3,
  "spread_fire": true,
  "auto_attack": true,
  "target_layers": [
    "WL_LandHorizontal",
    "WL_WaterSurface",
    "WL_Seafloor"
  ],
  "target_priorities": [
    "Structure - Wall",
    "Land - Wall",
    "Naval",
    "Wall"
  ]
}