{
  "base_spec": "/pa/units/air/base_flyer/base_flyer.json",
  "display_name": "Kestrel",
  "description": "Heavy Assault Gunship: Slow moving VTOL with forward facing cannons. Uses energy. Weak vs Swarm & Fast",
  "max_health": 500,
  "build_metal_cost": 550,
  "spawn_layers": "WL_Air",
  "unit_types": [
    "UNITTYPE_Gunship",
    "UNITTYPE_Air",
    "UNITTYPE_Mobile",
    "UNITTYPE_Advanced",
    "UNITTYPE_FactoryBuild"
  ],
  "events": {
    "build_complete": {
      "audio_cue": "/SE/Build_Complete/air"
    },
    "fired": {
      "audio_cue": "/SE/Weapons/air/gunship_fire",
      "effect_spec": "/pa/units/air/gunship/gunship_muzzle_flash.pfx socket_rightMuzzle /pa/units/air/gunship/gunship_muzzle_flash.pfx socket_leftMuzzle"
    },
    "died": {
      "audio_cue": "/SE/Death/Air",
      "effect_spec": "/pa/effects/specs/default_explosion.pfx"
    }
  },
  "audio": {
    "loops": {
      "move": {
        "cue": "/SE/Movement/air/air_gunship_loop",
        "flag": "vel_changed",
        "should_start_func": "is_moving",
        "should_stop_func": "is_not_moving"
      }
    }
  },
  "guard_radius": 120,
  "guard_layer": "WL_Anysurface",
  "navigation": {
    "type": "air",
    "acceleration": 20,
    "brake": 45,
    "move_speed": 45,
    "turn_speed": 180,
    "vertical_speed": 50,
    "aggressive_distance": 100.0,
    "aggressive_behavior": "circle",
    "circle_min_time": 2.0,
    "circle_max_time": 3.0,
    "hover_time": -1.0,
    "bank_factor": 1
  },
  "physics": {
    "radius": 6,
    "push_class": 2
  },
  "recon": {
    "observer": {
      "items": [
        {
          "layer": "surface_and_air",
          "channel": "sight",
          "shape": "capsule",
          "radius": 100
        }
      ]
    }
  },
  "model": {
    "filename": "/pa/units/air/gunship/gunship.papa",
    "animations": {
      "fly": "/pa/units/air/gunship/gunship_anim_fly.papa",
      "aim_up": "/pa/units/air/gunship/gunship_anim_aimUp.papa",
      "aim_down": "/pa/units/air/gunship/gunship_anim_aimDown.papa"
    },
    "animtree": "/pa/anim/anim_trees/gunship_anim_tree.json"
  },
   "tools": [
    {
      "aim_bone": "bone_rightRecoil",
      "spec_id": "/pa/units/air/gunship/gunship_tool_weapon.json",
      "muzzle_bone": [
        "socket_rightMuzzle",
        "socket_leftMuzzle"
      ]
    }
  ],
  "fx_offsets": [
    {
      "type": "moving",
      "filename": "/pa/effects/misc/jets.pfx",
      "bone": "bone_turret",
      "offset": [
        0,
        -1.25,
        -1.062
      ],
      "orientation": [
        0,
        90,
        0
      ]
    },
    {
      "type": "moving",
      "filename": "/pa/effects/misc/jets.pfx",
      "bone": "bone_leftWing",
      "offset": [
        1.449,
        0,
        -1.536
      ],
      "orientation": [
        0,
        90,
        0
      ]
    },
    {
      "type": "moving",
      "filename": "/pa/effects/misc/jets.pfx",
      "bone": "bone_rightWing",
      "offset": [
        -1.449,
        0,
        -1.536
      ],
      "orientation": [
        0,
        90,
        0
      ]
    }
  ],
  "mesh_bounds": [
    8.5,
    11.5,
    3.6193
  ]
}