{"ammo_type":"AMMO_Projectile","flight_type":"Ballistic","spawn_layers":"WL_Air","model":{"filename":"/pa/units/air/bomb/bomb.papa","arrows":3},"fx_trail":{"filename":"/pa/effects/specs/shell_proj_trail.pfx","offset":[0.0,0.8,0.0]},"events":{"died":{"audio_cue":"/SE/Impacts/bomb","effect_spec":"/pa/effects/specs/default_proj_explosion.pfx"}},"physics":{"radius":1,"push_class":1,"gravity_scalar":3,"air_friction":1.0,"add_to_spatial_db":false,"allow_underground":true},"damage":450,"splash_damage":125,"splash_radius":8,"splash_damages_allies":false,"lifetime":8,"initial_velocity":35.0,"max_velocity":35.0,"turn_rate":5}