{"ammo_type":"AMMO_Projectile","flight_type":"Seeking","spawn_layers":"WL_Air","model":{"filename":"/pa/units/air/missile/missile.papa"},"fx_trail":{"filename":"/pa/effects/specs/rocket_proj_trail.pfx","offset":[0.0,1.3,0.0]},"physics":{"radius":1,"push_class":1,"gravity_scalar":5,"ignore_gravity":true,"add_to_spatial_db":false,"allow_underground":true},"events":{"died":{"audio_cue":"/SE/Impacts/missile_seeking","effect_spec":"/pa/effects/specs/default_proj_explosion.pfx"}},"damage":15,"splash_damage":0,"splash_radius":0,"splash_damages_allies":false,"lifetime":2.5,"initial_velocity":155.0,"max_velocity":155.0,"turn_rate":270.0}