{
  "blend_root": {
    "nodes": {
      "being_built": {
        "type": "bind_pose"
      }, 
      "dead": {
        "type": "bind_pose"
      }, 
      "ghost": {
        "type": "bind_pose"
      }, 
      "living": {
        "node_idle": {
          "type": "bind_pose"
        }, 
        "node_walk": {
          "anim_name": "drive", 
          "type": "playback"
        }, 
        "type": "walk"
      }
    }, 
    "type": "unit_state"
  }, 
  "skeleton_controls": [
    {
      "child": {
        "rotation_axis": "z", 
        "rotation_bone": "bone_turret", 
        "type": "procedural_aim"
      }, 
      "lerp_func": "is_active", 
      "type": "fader"
    }
  ]
}