{
	"base_spec": "/pa/units/land_vehicles/base_vehicle/base_vehicle.json",
	"display_name": "Cougar",
	"description": "Multi-Purpose Riot-Control Tank: A tank armed with two gattling guns. Weak vs Heavy and Heavy-Hitters",
	"max_health": 350,
	"wreckage_health_frac": 1.0,
	"build_metal_cost": 400,
	"attachable": {
		"offsets": {
			"root": [0,
			0,
			0],
			"head": [0,
			0,
			2.7]
		}
	},
	"unit_types": ["UNITTYPE_Tank",
	"UNITTYPE_Mobile",
	"UNITTYPE_Land",
	"UNITTYPE_Basic",
	"UNITTYPE_AirDefense",
	"UNITTYPE_FactoryBuild"],
	"transportable": {
		"size": 1
	},
  "guard_layer": "WL_AnySurface",
	"navigation": {
		"type": "land-small",
		"acceleration": 100,
		"brake": 100,
		"move_speed": 13,
		"turn_speed": 90
	},
	"physics": {
		"radius": 4,
		"push_class": 60
	},
	"recon": {
		"observer": {
			"items": [{
				"layer": "surface_and_air",
				"channel": "sight",
				"shape": "capsule",
				"radius": 100
			}]
		}
	},
	"model": {
		"filename": "/pa/units/land_vehicles/tank_gattling/tank_gattling.papa",
		"animtree": "/pa/anim/anim_trees/tank_gattling_anim_tree.json",
		"arrows": 5
	},
	"tools": [{
		"spec_id": "/pa/units/land_vehicles/tank_gattling/tank_gattling_tool_weapon.json",
		"aim_bone": "bone_pitch",
		"muzzle_bone": ["socket_rightMuzzle","socket_leftMuzzle"]
		}
	],
	"events": {
		"build_complete": {
			"audio_cue": "/SE/Build_Complete/veh"
		},
		"fired": {
			"audio_cue": "/SE/Weapons/veh/land_scout_fire"
		},
		"died": {
			"audio_cue": "/SE/Death/Veh"
		}
	},
	"audio": {
		"loops": {
			"move": {
				"cue": "/SE/Movement/veh/tank_light_laser_loop",
				"flag": "vel_changed",
				"should_start_func": "is_moving",
				"should_stop_func": "is_not_moving"
			}
		}
	},
	"headlights": [{
		"gobo": "/pa/effects/textures/gobo/spotlight_gobo.papa",
		"offset": [0.0,
		-1.0,
		1.5],
		"orientation": [0.0,
		65.0,
		0.0],
		"near_width": 2.0,
		"near_height": 2.0,
		"near_distance": 1.2,
		"far_distance": 20.0,
		"color": [0.9,
		0.92,
		1.0],
		"intensity": 1.4
	}],
	"mesh_bounds": [5.7,
	7.7,
	3.3],
	"TEMP_texelinfo": 5.84968
}