{
	"unit_types": ["UNITTYPE_Construction",
	"UNITTYPE_Bot",
	"UNITTYPE_Mobile",
	"UNITTYPE_Land",
	"UNITTYPE_Basic",
	"UNITTYPE_FactoryBuild"],
	"navigation": {
		"brake": 120,
		"acceleration": 120,
		"move_speed": 10,
		"group_preference": "back",
		"turn_speed": 720,
		"type": "land-small"
	},
	"command_caps": ["ORDER_Move",
	"ORDER_Patrol",
	"ORDER_Build",
	"ORDER_Reclaim",
	"ORDER_Repair"
	],
	"build_metal_cost": 350,
	"TEMP_texelinfo": 5.11028,
	"guard_radius": 50,
	"tools": [{
		"spec_id": "/pa/units/land/fabrication_bot_combat/fabrication_bot_combat_build_arm.json",
		"aim_bone": "bone_root"
	}],
	"display_name": "Co.R.E",
	"attachable": {
		"offsets": {
			"head": [0,
			0,
			5.4],
			"root": [0,
			0,
			0]
		}
	},
	"buildable_types": "CombatFabBuild",
	"description": "Fabrication: Combat oriented Reclaim Engineer",
	"display_group": 100,
	"fx_offsets": [{
		"bone": "socket_muzzle",
		"type": "build",
		"orientation": [0,
		0,
		0],
		"filename": "/pa/effects/specs/fab_combat_spray.pfx",
		"offset": [0,
		0,
		0]
	}],
	"max_health": 250,
	"events": {
		"build_complete": {
			"audio_cue": "/SE/Build_Complete/fab"
		},
		"died": {
			"audio_cue": "/SE/Death/Bot",
			"effect_scale": 0.6
		}
	},
	"model": {
		"walk_speed": 12,
		"animtree": "/pa/anim/anim_trees/fabrication_bot_combat.json",
		"filename": "/pa/units/land/fabrication_bot_combat/fabrication_bot_combat.papa",
		"animations": {
			"death01": "/pa/units/land/fabrication_bot_combat/fabrication_bot_combat_anim_death01.papa",
			"walk": "/pa/units/land/fabrication_bot_combat/fabrication_bot_combat_anim_run.papa"
		}
	},
	"display_index": 80,
	"audio": {
		"loops": {
			"build": {
				"should_stop_func": "no_build_target",
				"should_start_func": "has_build_target",
				"cue": "/SE/Construction/Fab_contruction_beam_loop",
				"flag": "build_target_changed"
			},
			"move": {
				"should_stop_func": "is_not_moving",
				"cue": "/SE/Movement/bot/fab_loop",
				"should_start_func": "is_moving",
				"flag": "vel_changed"
			}
		}
	},
	"recon": {
		"observer": {
			"items": [{
				"layer": "surface_and_air",
				"channel": "sight",
				"radius": 100,
				"shape": "capsule"
			}]
		}
	},
	"physics": {
		"radius": 2,
		"allow_pushing": true,
		"push_class": 2
	},
	"transportable": {
		"size": 1
	},
	"base_spec": "/pa/units/land/base_bot/base_bot.json",
	"guard_layer": "WL_LandHorizontal"
}