{
  "base_spec": "/pa/ammo/torpedo/torpedo.json",
  "damage": 250,
  "splash_damage": 0,
  "splash_radius": 0,
  "splash_damages_allies": false,
  "initial_velocity": 30,
  "max_velocity": 60,
  "lifetime": 10,
  "turn_rate": 360,
  
  "flight_type": "Staged",
	"stages": [{
		"ignores_gravity": false,
		"ignores_LOS": true,
		"stage_duration": 600,
		"stage_turn_rate": 0,
		"rotates_to_velocity": false
	},
	{
		"ignores_gravity": true,
		"ignores_LOS": true,
		"stage_duration": 0,
		"stage_turn_rate": 90,
		"stage_change_range": 100,
		"rotates_to_velocity": false
	},
	{
		"ignores_gravity": false,
		"ignores_LOS": false,
		"stage_duration": 5000,
		"stage_turn_rate": 360,
		"rotates_to_velocity": true
	}],
  "model": {
    "filename": "/pa/units/sea/torpedo/torpedo.papa"
  },
  "events": {
    "died": {
      "effect_spec": "/pa/effects/specs/default_proj_explosion.pfx"
    }
  }
}