{
  "base_spec": "/pa/units/land/base_structure/base_structure.json",
  "display_name": "Unit Cannon",
  "description": "Unit Cannon: Please make me functional uber. Everyone wants me :'(",
  "max_health": 1000,
  "build_metal_cost": 2500,
  "unit_types": [
    "UNITTYPE_Structure",
    "UNITTYPE_Advanced"
  ],
  "model": {
    "filename": "/pa/units/land/unit_cannon/unit_cannon.papa"
  },
  "events": {
    "build_complete": {
      "audio_cue": "/SE/Build_Complete/factory"
    },
    "died": {
      "audio_cue": "/SE/Death/Factory"
    },
    "fired": {
      "audio_cue": "/SE/Weapons/structure/unit_cannon_fire"
    }
  }
}