{"model":{"filename":"/pa/units/sea/battleship/battleship.papa","arrows":5,"animtree":"/pa/anim/anim_trees/battleship.json"},"nearby_target_tick_update_interval":15,"guard_layer":"WL_LandHorizontal","physics":{"push_class":2,"radius":12,"shape":"box"},"spawn_layers":"WL_WaterSurface","base_spec":"/pa/units/sea/base_ship/base_ship.json","recon":{"observer":{"items":[{"shape":"capsule","radius":200,"channel":"sight","layer":"surface_and_air"}]}},"mesh_bounds":[12,90,12],"audio":{"loops":{"move":{"flag":"vel_changed","should_start_func":"is_moving","cue":"/SE/Movement/sea/T2_battleship_loop","should_stop_func":"is_not_moving"}}},"display_index":100,"tools":[{"spec_id":"/pa/units/sea/battleship/battleship_tool_weapon.json","muzzle_bone":["socket_muzzle01"],"aim_bone":"bone_pitch01"},{"spec_id":"/pa/units/sea/battleship/battleship_tool_weapon.json","muzzle_bone":["socket_muzzle02"],"aim_bone":"bone_pitch01"},{"aim_bone":"bone_pitch01","spec_id":"/pa/units/sea/battleship/battleship_tool_weapon.json","muzzle_bone":["socket_muzzle03"]},{"aim_bone":"bone_pitch02","muzzle_bone":["socket_muzzle04"],"spec_id":"/pa/units/sea/battleship/battleship_tool_weapon.json"},{"aim_bone":"bone_pitch02","spec_id":"/pa/units/sea/battleship/battleship_tool_weapon.json","muzzle_bone":["socket_muzzle05"]},{"aim_bone":"bone_pitch02","spec_id":"/pa/units/sea/battleship/battleship_tool_weapon.json","muzzle_bone":["socket_muzzle06"]},{"muzzle_bone":["socket_muzzle07"],"spec_id":"/pa/units/sea/battleship/battleship_tool_weapon.json","aim_bone":"bone_pitch03"},{"aim_bone":"bone_pitch03","muzzle_bone":["socket_muzzle08"],"spec_id":"/pa/units/sea/battleship/battleship_tool_weapon.json"},{"muzzle_bone":["socket_muzzle09"],"spec_id":"/pa/units/sea/battleship/battleship_tool_weapon.json","aim_bone":"bone_pitch03"},{"muzzle_bone":["socket_muzzle10"],"spec_id":"/pa/units/sea/battleship/battleship_tool_weapon.json","aim_bone":"bone_pitch04"},{"aim_bone":"bone_pitch04","muzzle_bone":["socket_muzzle11"],"spec_id":"/pa/units/sea/battleship/battleship_tool_weapon.json"},{"muzzle_bone":["socket_muzzle12"],"spec_id":"/pa/units/sea/battleship/battleship_tool_weapon.json","aim_bone":"bone_pitch04"}],"TEMP_texelinfo":47.2606,"guard_radius":270,"build_metal_cost":8640,"unit_types":["UNITTYPE_Naval","UNITTYPE_Mobile","UNITTYPE_Advanced","UNITTYPE_FactoryBuild"],"navigation":{"acceleration":1,"brake":1,"type":"water","turn_speed":15,"move_speed":5},"events":{"died":{"audio_cue":"/SE/Death/Sea_large"},"firing":{"audio_cue":"/SE/Weapons/sea/T2_battleship_fire"},"build_complete":{"audio_cue":"/SE/Build_Complete/sea"}},"max_health":6750,"display_group":20,"description":"Battleship Class: Long range, anti-ship, and anti-land guns","display_name":"Leviathan"}