{"display_name":"Base Vehicle","description":"Base Vehicle Description - If you're seeing this, something is wrong in your vehicle.","display_group":99,"max_health":2,"events":{"build_complete":{"audio_cue":"/SE/Build_Complete/veh"},"firing":{"audio_cue":"/SE/Weapons/base/base_fire_laser","effect_spec":"/pa/effects/specs/default_muzzle_flash.pfx socket_muzzle"},"died":{"effect_spec":"/pa/effects/specs/default_explosion.pfx","audio_cue":"/SE/Death/Veh"}},"command_caps":["ORDER_Move","ORDER_Patrol","ORDER_Attack","ORDER_Assist","ORDER_Use"],"unit_types":["UNITTYPE_Tank","UNITTYPE_Mobile","UNITTYPE_Land","UNITTYPE_NoBuild"],"navigation":{"wobble_factor":0.1,"dodge_multiplier":1,"move_speed":1,"type":"land-small","turn_speed":1,"brake":1,"dodge_radius":15,"wobble_speed":0.2,"acceleration":1},"TEMP_texelinfo":1,"build_metal_cost":1,"audio":{"loops":{"move":{"should_stop_func":"is_not_moving","cue":"/SE/Movement/veh/aa_missile_vehicle_loop","should_start_func":"is_moving","flag":"vel_changed"}}},"display_index":99,"physics":{"air_friction":1,"radius":1,"push_class":2},"armor_type":"AT_Vehicle","recon":{"observer":{"items":[{"layer":"surface_and_air","channel":"sight","radius":100,"shape":"capsule"}]}},"death":{"decals":["/pa/effects/specs/scorch_a_01.json"]},"teleportable":{}}