{
	"base_spec": "/pa/units/land/base_structure/base_structure.json",
	"display_name": "Radar",
	"description": "Radar: Detects nearby enemy land, sea, and air units",
	"display_group": 50,
	"display_index": 95,
	"max_health": 500,
	"build_metal_cost": 100,
	"consumption": {
		"energy": 250
	},
	"energy_efficiency_requirement": 0.9,
	"atrophy_rate": 10.0,
	"atrophy_cool_down": 30.0,
	"spawn_layers": "WL_AnySurface",
	"unit_types": ["UNITTYPE_Land",
	"UNITTYPE_Structure",
	"UNITTYPE_Basic",
	"UNITTYPE_FabBuild",
	"UNITTYPE_Recon"],
	"physics": {
		"collision_layers": "WL_AnySurface"
	},
	"recon": {
		"observer": {
			"items": [{
				"layer": "surface_and_air",
				"channel": "sight",
				"shape": "capsule",
				"radius": 50,
				"uses_energy": true
			},
			{
				"layer": "surface_and_air",
				"channel": "radar",
				"shape": "capsule",
				"radius": 500,
				"uses_energy": true
			}]
		}
	},
	"model": [{
		"layer": "WL_LandHorizontal",
		"filename": "/pa/units/land/radar/radar.papa",
		"animations": {
			"start": "/pa/units/land/radar/radar_anim_start.papa",
			"loop": "/pa/units/land/radar/radar_anim_loop.papa",
			"end": "/pa/units/land/radar/radar_anim_end.papa"
		},
		"animtree": "/pa/anim/anim_trees/powered_loop.json",
		"skirt_decal": "/pa/effects/specs/skirt_radar.json"
	},
	{
		"layer": "WL_WaterSurface",
		"filename": "/pa/units/sea/radar/radar.papa",
		"animations": {
			"start": "/pa/units/land/radar/radar_anim_start.papa",
			"loop": "/pa/units/land/radar/radar_anim_loop.papa",
			"end": "/pa/units/land/radar/radar_anim_end.papa"
		},
		"animtree": "/pa/anim/anim_trees/powered_loop.json"
	}],
	"lamps": [{
		"offset": [0.0,
		3.68,
		5.53],
		"radius": 3.0,
		"color": [1.0,
		1.0,
		1.0],
		"intensity": 2.0
	}],
	"events": {
		"build_complete": {
			"audio_cue": "/SE/Build_Complete/radar"
		},
		"died": {
			"audio_cue": "/SE/Death/radar",
			"effect_scale": 0.3
		}
	},
	"mesh_bounds": [8.58559,
	7.71255,
	14.6193],
	"TEMP_texelinfo": 7.25927
}