{
    "base_spec": "/pa/units/land_vehicles/base_vehicle/base_vehicle.json",
    "display_name": "Advanced Fabrication Vehicle",
    "description": "Advanced Fabrication: Builds structures",
    "max_health": 600,
    "build_metal_cost": 1200,
    "attachable": {
        "offsets": {
            "root": [
                0,
                0,
                0
            ],
            "head": [
                0,
                0.5,
                5
            ]
        }
    },
    "buildable_types": "Structure & Land & Advanced - Factory | Factory & Land & Tank & Advanced | FabAdvBuild  - Bot - Air - Naval",
    "unit_types": [
        "UNITTYPE_Fabber",
        "UNITTYPE_Construction",
        "UNITTYPE_Tank",
        "UNITTYPE_Mobile",
        "UNITTYPE_Land",
        "UNITTYPE_Advanced",
        "UNITTYPE_FactoryBuild"
    ],
	"display_index": 100,
	"display_group": 100,
    "command_caps": [
        "ORDER_Move",
        "ORDER_Patrol",
        "ORDER_Build",
        "ORDER_Reclaim",
        "ORDER_Repair",
        "ORDER_Assist",
        "ORDER_Use"
    ],
    "transportable": {
        "size": 1
    },
    "guard_layer": "WL_LandHorizontal",
	"guard_radius": 60,
    "navigation": {
        "type": "land-small",
        "acceleration": 120,
        "brake": 120,
        "move_speed": 15,
        "turn_speed": 360,
        "group_preference": "back"
    },
    "physics": {
        "radius": 3,
        "push_class": 101,
        "allow_pushing": true
    },
    "recon": {
        "observer": {
            "items": [
                {
                    "layer": "surface_and_air",
                    "channel": "sight",
                    "shape": "capsule",
                    "radius": 100
                }
            ]
        }
    },
    "model": {
        "filename": "/pa/units/land/fabrication_vehicle_adv/fabrication_vehicle_adv.papa",
        "animations": {
            "death01": "/pa/units/land/fabrication_vehicle_adv/fabrication_vehicle_adv_anim_death01.papa",
            "drive": "/pa/units/land/fabrication_vehicle_adv/fabrication_vehicle_adv_anim_drive.papa"
        },
        "animtree": "/pa/anim/anim_trees/turret_wheels_anim_tree.json",
        "arrows": 5
    },
    "tools": [
        {
            "spec_id": "/pa/units/land_vehicles/fabrication_vehicle_adv/fabrication_vehicle_adv_build_arm.json",
            "aim_bone": "bone_root"
        }
    ],
    "events": {
        "build_complete": {
            "audio_cue": "/SE/Build_Complete/fab"
        },
        "died": {
            "audio_cue": "/SE/Death/Veh",
            "effect_scale": 1.75
        }
    },
    "audio": {
        "loops": {
            "build": {
                "cue": "/SE/Construction/Fab_contruction_beam_loop",
                "flag": "build_target_changed",
                "should_start_func": "has_build_target",
                "should_stop_func": "no_build_target"
            },
            "move": {
                "cue": "/SE/Movement/veh/fab_loop_T2",
                "flag": "vel_changed",
                "should_start_func": "is_moving",
                "should_stop_func": "is_not_moving"
            }
        },
        "selection_response": {
            "cue": "/SE/Selection/veh/fab_T2"
        }
    },
    "fx_offsets": [
        {
            "type": "build",
            "filename": "/pa/effects/specs/fab_spray.pfx",
            "bone": "socket_muzzle",
            "offset": [
                0,
                0,
                0
            ],
            "orientation": [
                0,
                0,
                0
            ]
        }
    ],
    "TEMP_texelinfo": 6.38729,
    "mesh_bounds": [
        5.2,
        6,
        4.6
    ]
}