{
	"base_spec": "/pa/ammo/base_laser_blast/base_laser_blast.json",
	"flight_type": "Direct",
	"spawn_layers": "WL_Air",
	"fx_trail": {
		"filename": "/pa/effects/specs/laser_blast_small_proj_trail.pfx",
		"offset": [0.0,
		0.4,
		0.0]
	},
	"physics": {
		"radius": 1,
		"push_class": 1,
		"gravity_scalar": 5,
		"ignore_gravity": true,
		"add_to_spatial_db": false,
		"allow_underground": true
	},
	"events": {
		"died": {
			"audio_cue": "/SE/Impacts/laser_blast",
			"effect_spec": "/pa/effects/specs/default_proj_explosion.pfx"
		}
	},
	"damage": 75,
	"splash_damage": 0,
	"splash_radius": 0,
	"lifetime": 5,
	"initial_velocity": 80.0
}