{
  "TEMP_texelinfo": 47.2606,
  "audio": {
    "loops": {
      "move": {
        "cue": "/SE/Movement/sea/T2_battleship_loop",
        "flag": "vel_changed",
        "should_start_func": "is_moving",
        "should_stop_func": "is_not_moving"
      }
    }
  },
  "base_spec": "/pa/units/surfacenaval_units/base_ship/base_ship.json",
  "build_metal_cost": 3500,
  "description": "Heavy Assault Ship: A battleship with long-range cannons. Uses energy. Weak vs Heavy-Hitters & Long-Range",
  "display_group": 20,
  "display_index": 100,
  "display_name": "Leviathan",
  "events": {
    "build_complete": {
      "audio_cue": "/SE/Build_Complete/sea"
    },
    "died": {
      "audio_cue": "/SE/Death/Sea_large", 
      "effect_scale": 2.0, 
      "effect_spec": "/pa/effects/specs/default_building_explosion.pfx"
    },
    "fired0": {
      "audio_cue": "/SE/Weapons/sea/T2_battleship_fire", 
      "effect_scale": 5.0, 
      "effect_spec": "/pa/effects/specs/tank_muzzle_flash.pfx socket_muzzle02 /pa/effects/specs/tank_muzzle_flash.pfx socket_muzzle03 /pa/effects/specs/tank_muzzle_flash.pfx socket_muzzle01"
    }, 
    "fired1": {
      "audio_cue": "/SE/Weapons/sea/T2_battleship_fire", 
      "effect_scale": 5.0, 
      "effect_spec": "/pa/effects/specs/tank_muzzle_flash.pfx socket_muzzle05 /pa/effects/specs/tank_muzzle_flash.pfx socket_muzzle06 /pa/effects/specs/tank_muzzle_flash.pfx socket_muzzle04"
    }, 
    "fired2": {
      "audio_cue": "/SE/Weapons/sea/T2_battleship_fire", 
      "effect_scale": 5.0, 
      "effect_spec": "/pa/effects/specs/tank_muzzle_flash.pfx socket_muzzle08 /pa/effects/specs/tank_muzzle_flash.pfx socket_muzzle09 /pa/effects/specs/tank_muzzle_flash.pfx socket_muzzle07"
    }, 
    "fired3": {
      "audio_cue": "/SE/Weapons/sea/T2_battleship_fire", 
      "effect_scale": 5.0, 
      "effect_spec": "/pa/effects/specs/tank_muzzle_flash.pfx socket_muzzle11 /pa/effects/specs/tank_muzzle_flash.pfx socket_muzzle12 /pa/effects/specs/tank_muzzle_flash.pfx socket_muzzle10"
    }
  },
  "guard_layer": "WL_LandHorizontal",
  "guard_radius": 250,
  "max_health": 9500,
  "mesh_bounds": [
    12,
    90,
    12
  ],
  "model": {
    "animtree": "/pa/anim/anim_trees/battleship_anim_tree.json",
    "arrows": 5,
    "filename": "/pa/units/sea/battleship/battleship.papa"
  },
  "navigation": {
    "aggressive_distance": 225,
    "acceleration": 2,
    "brake": 6,
    "move_speed": 30,
    "turn_speed": 15,
    "type": "deepwater"
  },
  "nearby_target_tick_update_interval": 15,
  "physics": {
    "push_class": 2,
    "radius": 12,
    "shape": "box"
  },
  "recon": {
    "observer": {
      "items": [
        {
          "channel": "sight",
          "layer": "surface_and_air",
          "radius": 200,
          "shape": "capsule"
        }
      ]
    }
  },
  "spawn_layers": "WL_WaterSurface",
  "tools": [
 	{
		"spec_id": "/pa/units/surfacenaval_units/battleship/battleship_tool_weapon.json",
		"aim_bone": "bone_pitch01",
		"record_index": 0,
		"fire_event": "fired0",
		"muzzle_bone": ["socket_muzzle01"]
	},
	{
		"spec_id": "/pa/units/surfacenaval_units/battleship/battleship_tool_weapon.json",
		"aim_bone": "bone_pitch01",
		"record_index": 0,
		"fire_event": "fired0",
		"muzzle_bone": ["socket_muzzle02"]
	},
	{
		"spec_id": "/pa/units/surfacenaval_units/battleship/battleship_tool_weapon.json",
		"aim_bone": "bone_pitch01",
		"record_index": 0,
		"fire_event": "fired0",
		"muzzle_bone": ["socket_muzzle03"]
	},
	{
		"spec_id": "/pa/units/surfacenaval_units/battleship/battleship_tool_weapon.json",
		"aim_bone": "bone_pitch02",
		"record_index": 1,
		"fire_event": "fired1",
		"muzzle_bone": ["socket_muzzle04"]
	},
	{
		"spec_id": "/pa/units/surfacenaval_units/battleship/battleship_tool_weapon.json",
		"aim_bone": "bone_pitch02",
		"record_index": 1,
		"fire_event": "fired1",
		"muzzle_bone": ["socket_muzzle05"]
	},
	{
		"spec_id": "/pa/units/surfacenaval_units/battleship/battleship_tool_weapon.json",
		"aim_bone": "bone_pitch02",
		"record_index": 1,
		"fire_event": "fired1",
		"muzzle_bone": ["socket_muzzle06"]
	},
	{
		"spec_id": "/pa/units/surfacenaval_units/battleship/battleship_tool_weapon.json",
		"aim_bone": "bone_pitch03",
		"record_index": 2,
		"fire_event": "fired2",
		"muzzle_bone": ["socket_muzzle07"]
	},
	{
		"spec_id": "/pa/units/surfacenaval_units/battleship/battleship_tool_weapon.json",
		"aim_bone": "bone_pitch03",
		"record_index": 2,
		"fire_event": "fired2",
		"muzzle_bone": ["socket_muzzle08"]
	},
	{
		"spec_id": "/pa/units/surfacenaval_units/battleship/battleship_tool_weapon.json",
		"aim_bone": "bone_pitch03",
		"record_index": 2,
		"fire_event": "fired2",
		"muzzle_bone": ["socket_muzzle09"]
	},
	{
		"spec_id": "/pa/units/surfacenaval_units/battleship/battleship_tool_weapon.json",
		"aim_bone": "bone_pitch04",
		"record_index": 3,
		"fire_event": "fired3",
		"muzzle_bone": ["socket_muzzle10"]
	},
	{
		"spec_id": "/pa/units/surfacenaval_units/battleship/battleship_tool_weapon.json",
		"aim_bone": "bone_pitch04",
		"record_index": 3,
		"fire_event": "fired3",
		"muzzle_bone": ["socket_muzzle11"]
	},
	{
		"spec_id": "/pa/units/surfacenaval_units/battleship/battleship_tool_weapon.json",
		"aim_bone": "bone_pitch04",
		"record_index": 3,
		"fire_event": "fired3",
		"muzzle_bone": ["socket_muzzle12"]
	},
	{
      "spec_id": "/pa/units/surfacenaval_units/battleship/battleship_flak_tool_weapon.json",
      "aim_bone": "bone_smallPitch01",
      "muzzle_bone": [
        "socket_smallMuzzle01"
      ]
    },
	    {
      "spec_id": "/pa/units/surfacenaval_units/battleship/battleship_flak_tool_weapon.json",
      "aim_bone": "bone_smallPitch02",
      "muzzle_bone": [
        "socket_smallMuzzle02"
      ]
    },
	    {
      "spec_id": "/pa/units/surfacenaval_units/battleship/battleship_flak_tool_weapon.json",
      "aim_bone": "bone_smallPitch03",
      "muzzle_bone": [
        "socket_smallMuzzle03"
      ]
    },
	    {
      "spec_id": "/pa/units/surfacenaval_units/battleship/battleship_tool_weapon.json",
      "aim_bone": "bone_smallpitch04",
      "muzzle_bone": [
        "socket_smallMuzzle04"
      ]
    }
   ],
  "unit_types": [
    "UNITTYPE_Naval",
    "UNITTYPE_Mobile",
    "UNITTYPE_Advanced",
    "UNITTYPE_FactoryBuild"
  ]
}