{
  "base_spec": "/pa/tools/artillery/monster.json",
  "ammo_id": "/pa/units/land_combat/artillery_long/artillery_long_ammo.json",
  "ammo_source": "energy",
  "max_firing_velocity": 1200,
  "min_firing_velocity": 600,
  "firing_standard_deviation": 5,
  "rate_of_fire": 0.1,
  "ammo_capacity": 50000,
  "ammo_demand": 25000,
  "ammo_per_shot": 50000,
  "max_range": 1200,
  "yaw_rate": 10,
  "pitch_rate": 10,
  "yaw_range": 360,
  "firing_arc_yaw": 2,
  "firing_arc_pitch": 2,
  "pitch_range": 89,
  "auto_attack": true,
  "arc_type": "ARC_High",
  "target_layers": [
    "WL_LandHorizontal",
    "WL_Seafloor",
    "WL_WaterSurface"
  ]
}