{
  "base_spec": "/pa/tools/base_laser_turret/base_laser_turret.json",
  "ammo_id": "/pa/units/commanders/base_commander/base_commander_ammo.json",
  "rate_of_fire": 1,
  "max_range": 100,
  "yaw_rate": 360,
  "pitch_rate": 360,
  "yaw_range": 180,
  "pitch_range": 20,
  "auto_attack": true,
  "idle_aim_delay": 5,
  "target_layers": [
    "WL_LandHorizontal",
    "WL_Seafloor",
    "WL_WaterSurface",
    "WL_Air"
  ],
  "target_priorities": [
    "Mobile - Air",
    "Structure - Wall",
    "Mobile"
  ]
}