{
  "base_spec": "/pa/ammo/base_ammo/base_ammo.json",
  "flight_type": "Ballistic",
  "model": {
    "filename": ""
  },
  "fx_trail": {
    "filename": "/pa/effects/specs/bullet_proj_trail.pfx",
    "offset": [
      0,
      0,
      0
    ]
  },
  "events": {
    "died": {
      "audio_cue": "/SE/Impacts/laser_blast",
      "effect_spec": "/pa/effects/specs/default_proj_flak_explosion.pfx",
      "spec_id": "/pa/ammo/base_flak/flak_deathweapon.json"
    }
  },
  "tools": [
    {
      "death_weapon": true,
      "spec_id": "/pa/ammo/base_flak/flak_deathweapon.json"
    }
  ],
  "damage": 5,
  "splash_damage": 25,
  "splash_radius": 30,
  "lifetime": 0.1,
  "initial_velocity": 800,
  "max_velocity": 800
}