{"base_spec":"/pa/units/air/base_flyer/base_flyer.json","display_name":"Pelican","events":{"child_attached":{"audio_cue":"/SE/Movement/air/transport_load"},"child_detached":{"audio_cue":"/SE/Movement/air/transport_unload"},"build_complete":{"audio_cue":"/SE/Build_Complete/air"},"died":{"effect_spec":"/pa/effects/specs/default_explosion.pfx","audio_cue":"/SE/Death/Air"}},"usable":true,"fx_offsets":[{"bone":"bone_leftWing","filename":"/pa/units/air/fabrication_aircraft/fabrication_aircraft_jets.pfx","type":"idle","offset":[0,0,-1.686],"orientation":[0,90,0]},{"filename":"/pa/units/air/fabrication_aircraft/fabrication_aircraft_jets.pfx","type":"idle","bone":"bone_rightWing","orientation":[0,90,0],"offset":[0,0,-1.686]},{"offset":[0,1.418,0.5],"type":"moving_forward","filename":"/pa/units/air/transport/transport_jets.pfx","bone":"bone_turret"}],"physics":{"radius":5,"gravity_scalar":0.001,"push_class":15},"build_metal_cost":180,"useable":{"type":"transport","range":10},"max_health":20,"navigation":{"hover_time":-1,"acceleration":90,"vertical_speed":150,"move_speed":90,"brake":90,"turn_speed":180,"type":"air"},"transporter":{"transporter_attach_bone":"bone_payload","transportable_attach_offset":"head","capacity":1},"unit_types":["UNITTYPE_Air","UNITTYPE_Mobile","UNITTYPE_Transport","UNITTYPE_Advanced","UNITTYPE_FactoryBuild"],"audio":{"loops":{"move":{"cue":"/SE/Movement/air/air_gunship_loop","should_start_func":"is_moving","flag":"vel_changed","should_stop_func":"is_not_moving"}}},"command_caps":["ORDER_Move","ORDER_Patrol","ORDER_Assist","ORDER_Load","ORDER_Unload"],"model":{"animtree":"/pa/anim/anim_trees/transport.json","filename":"/pa/units/air/transport/transport.papa","animations":{"fly":"/pa/units/air/transport/transport_anim_fly.papa"}},"TEMP_texelinfo":10.4837,"recon":{"observer":{"items":[{"layer":"surface_and_air","radius":70,"channel":"sight","shape":"capsule"}]}},"description":"Air Transport: Load a land unit for rapid long distance travel.","attachable":{"offsets":{"root":[0,0,0]}}}