{
	"base_spec": "/pa/ammo/base_ammo/base_ammo.json",
	"flight_type": "Direct",
	"spawn_layers": "WL_Air",
	"model": {
		"filename": ""
	},
	"fx_trail": {
		"filename": "/pa/effects/specs/laser_blast_proj_trail.pfx"
	},
	"events": {
		"died": {
			"audio_cue": "/SE/Impacts/laser_blast",
			"effect_specs": "/pa/effects/specs/default_proj_explosion.pfx"
		}
	},
	"physics": {
		"radius": 1,
		"push_class": 1,
		"gravity_scalar": 1,
		"ignore_gravity": true,
		"add_to_spatial_db": false
	},
	"damage": 0,
	"splash_damage": 0,
	"splash_radius": 1,
	"lifetime": 7,
	"initial_velocity": 75.0,
	"max_velocity": 75.0
}