{
  "base_spec": "/pa/units/land_vehicles/base_vehicle/base_vehicle.json",
  "display_name": "Spinner",
  "description": "Anti-Air skirmish Tank: Attacks with medium-ranged missiles. Weak vs Swarm and Heavy-Hitter",
  "max_health": 400,
  "build_metal_cost": 300,
  "attachable": {
    "offsets": {
      "head": [
        0,
        1,
        4.1
      ],
      "root": [
        0,
        0,
        0
      ]
    }
  },
  "unit_types": [
  "UNITTYPE_Tank",
  "UNITTYPE_Mobile",
  "UNITTYPE_Land",
  "UNITTYPE_Basic",
  "UNITTYPE_AirDefense",
  "UNITTYPE_FactoryBuild"
  ],
  "transportable": {
    "size": 1
  },
  "guard_layer": "WL_AnySurface",
  "navigation": {
    "type": "land-small",
    "move_speed": 14,
    "brake": 150,
    "turn_speed": 180,
    "acceleration": 100
  },
  "physics": {
    "push_class": 55,
    "radius": 3.5
  },
  "recon": {
    "observer": {
      "items": [
        {
          "radius": 100,
          "layer": "surface_and_air",
          "shape": "capsule",
          "channel": "sight"
        }
      ]
    }
  },
  "model": {
    "walk_speed": 7,
    "animtree": "/pa/anim/anim_trees/vehicle_missile_anim_tree.json",
    "filename": "/pa/units/land/aa_missile_vehicle/aa_missile_vehicle.papa",
    "animations": {
      "run": "/pa/units/land/aa_missile_vehicle/aa_missile_vehicle_anim_run.papa"
    }
  },
  "tools": [
    {
      "spec_id": "/pa/units/land_vehicles/vehicle_missile/vehicle_missile_tool_weapon.json",
      "aim_bone": "bone_pivot",
      "muzzle_bone": "bone_pivot"
    }
  ],
  "events": {
    "died": {
      "audio_cue": "/SE/Death/Veh",
      "effect_scale": 0.7
    },
    "build_complete": {
      "audio_cue": "/SE/Build_Complete/veh"
    },
    "fired": {
      "audio_cue": "/SE/Weapons/veh/vehicle_missile_fire",
      "effect_spec": "/pa/effects/specs/default_muzzle_flash.pfx socket_muzzle"
    }
  },
  "audio": {
    "loops": {
      "move": {
        "cue": "/SE/Movement/veh/vehicle_missile_loop",
        "should_stop_func": "is_not_moving",
        "should_start_func": "is_moving",
        "flag": "vel_changed"
      }
    }
  },
  "TEMP_texelinfo": 6.12932,
  "display_index": 80,
  "nearby_target_tick_update_interval": 3,
  "display_group": 60,
  "mesh_bounds":[
    3.8,
    5,
    5
  ]
}