{"recon":{"observer":{"items":[{"layer":"surface_and_air","radius":100,"channel":"sight","shape":"capsule"}]}},"description":"Gunship: Strong anti-ground. No anti-air capabilities.","unit_types":["UNITTYPE_Gunship","UNITTYPE_Air","UNITTYPE_Mobile","UNITTYPE_Advanced","UNITTYPE_FactoryBuild"],"audio":{"loops":{"move":{"should_stop_func":"is_not_moving","should_start_func":"is_moving","flag":"vel_changed","cue":"/SE/Movement/air/air_gunship_loop"}}},"tools":[{"aim_bone":"bone_rightRecoil","spec_id":"/pa/units/air/gunship/gunship_tool_weapon.json","muzzle_bone":"socket_rightMuzzle"},{"spec_id":"/pa/units/air/gunship/gunship_tool_weapon.json","aim_bone":"bone_leftRecoil","muzzle_bone":"socket_leftMuzzle"}],"model":{"animtree":"/pa/anim/anim_trees/gunship.json","filename":"/pa/units/air/gunship/gunship.papa","animations":{"aim_down":"/pa/units/air/gunship/gunship_anim_aimDown.papa","aim_up":"/pa/units/air/gunship/gunship_anim_aimUp.papa","fly":"/pa/units/air/gunship/gunship_anim_fly.papa"}},"navigation":{"turn_speed":120,"vertical_speed":50,"aggressive_distance":75,"type":"air","circle_min_time":2,"aggressive_behavior":"circle","brake":60,"move_speed":60,"circle_max_time":3,"acceleration":60,"hover_time":-1,"bank_factor":1},"build_metal_cost":1440,"max_health":240,"guard_radius":100,"display_index":105,"physics":{"radius":6,"push_class":2},"display_group":60,"spawn_layers":"WL_Air","fx_offsets":[{"type":"moving","filename":"/pa/units/air/gunship/gunship_jets.pfx","bone":"bone_turret","orientation":[0,90,0],"offset":[0,-1.25,-1.062]},{"offset":[1.449,0,-1.536],"orientation":[0,90,0],"bone":"bone_leftWing","filename":"/pa/units/air/gunship/gunship_jets.pfx","type":"moving"},{"filename":"/pa/units/air/gunship/gunship_jets.pfx","type":"moving","bone":"bone_rightWing","orientation":[0,90,0],"offset":[-1.449,0,-1.536]}],"guard_layer":"WL_Anysurface","base_spec":"/pa/units/air/base_flyer/base_flyer.json","display_name":"Kestrel","events":{"build_complete":{"audio_cue":"/SE/Build_Complete/air"},"died":{"effect_spec":"/pa/effects/specs/default_explosion.pfx","audio_cue":"/SE/Death/Air"},"firing":{"effect_spec":"/pa/units/air/gunship/gunship_muzzle_flash.pfx socket_rightMuzzle /pa/units/air/gunship/gunship_muzzle_flash.pfx socket_leftMuzzle","audio_cue":"/SE/Weapons/air/gunship_fire"}}}