{
    "blend_root": {
        "type": "unit_state",
        "nodes": {
            "being_built": {
                "type": "bind_pose"
            },
            "living": {
                "type": "walk",
                "node_idle": {
                    "type": "playback",
                    "anim_name": "idle"
                },
                "node_walk": {
                    "type": "playback",
                    "anim_name": "walk"
                }
            },
            "dead": {
                "type": "playback",
                "looping": false,
                "anim_name": "death01"
            },
            "ghost": {
                "type": "bind_pose"
            }
        }
    },
    "skeleton_controls": [
        {
            "type": "fader",
            "lerp_func": "not_being_built",
            "child": {
                "type": "procedural_aim",
                "rotation_bone": "bone_turret",
                "rotation_axis": "z"
            }
        },
        {
            "type": "fader",
            "lerp_func": "not_being_built",
            "child": {
                "type": "procedural_aim",
                "rotation_bone": "bone_pitch",
                "rotation_axis": "x"
            }
        },
        {
            "type": "recoil",
            "bone": "bone_leftRecoil",
            "recoil_dist": 0.5,
            "restore_time": 1
        },
        {
            "type": "recoil",
            "bone": "bone_rightRecoil",
            "recoil_dist": 0.5,
            "restore_time": 1
        }
    ]
}