{
  "blend_root": {
    "type": "unit_state",
    "nodes": {
      "being_built": {
        "type": "bind_pose"
      },
      "living": {
        "type": "aim_blend",
        "aim_bone_root": "bone_turret",
        "node_aim_down": {
          "type": "playback",
          "anim_name": "aim_down"
        },
        "node_aim_neutral": {
          "type": "bind_pose"
        },
        "node_aim_up": {
          "type": "playback",
          "anim_name": "aim_up"
        },
        "child": {
          "type": "walk",
          "node_idle": {
            "type": "playback",
            "anim_name": "idle"
          },
          "node_walk": {
            "type": "playback",
            "anim_name": "walk"
          }
        }
      },
      "dead": {
        "type": "playback",
        "looping": false,
        "anim_name": "death01"
      },
      "ghost": {
        "type": "bind_pose"
      }
    }
  },
  "skeleton_controls": [
    {
      "type": "fader",
      "lerp_func": "not_being_built",
      "child": {
        "type": "procedural_aim",
        "rotation_bone": "bone_turret",
        "rotation_axis": "z"
      }
    },
    {
      "type": "fader",
      "lerp_func": "is_dead",
      "child": {
        "type": "giblet",
        "bone": "bone_rightShoulder",
        "velocity": [
          0,
          0,
          15
        ],
        "velocity_range": [
          10,
          10,
          5
        ],
        "angular_velocity": [
          0,
          0,
          0
        ],
        "angular_velocity_range": [
          360,
          360,
          360
        ],
        "gravity": 20,
        "drag": 0.5
      }
    },
    {
      "type": "fader",
      "lerp_func": "is_dead",
      "child": {
        "type": "giblet",
        "bone": "bone_leftShoulder",
        "velocity": [
          0,
          0,
          15
        ],
        "velocity_range": [
          10,
          10,
          5
        ],
        "angular_velocity": [
          0,
          0,
          0
        ],
        "angular_velocity_range": [
          360,
          360,
          360
        ],
        "gravity": 20,
        "drag": 0.5
      }
    }
  ]
}