{
  "base_spec": "/pa/ammo/base_laser_blast/base_laser_blast.json", 
  "damage": 75, 
  "fx_trail": {
    "filename": "/pa/units/land/laser_defense_single/laser_defense_single_ammo_trail.pfx"
  }, 
  "initial_velocity": 500.0, 
  "lifetime": 2, 
  "max_velocity": 500.0, 
  "splash_damage": 75, 
  "splash_radius": 20,
    "events": {
    "died": {
      "audio_cue": "/SE/Impacts/shell_artillery",
      "effect_spec": "/pa/effects/specs/default_proj_flak_explosion.pfx"
    }
  }
}