{
	"build_metal_cost": 180,
	"TEMP_texelinfo": 4.03457,
	"unit_types": ["UNITTYPE_Tank",
	"UNITTYPE_Scout",
	"UNITTYPE_Mobile",
	"UNITTYPE_Land",
	"UNITTYPE_Basic",
	"UNITTYPE_FactoryBuild"],
	"navigation": {
		"brake": 200,
		"acceleration": 150,
		"move_speed": 20,
		"turn_speed": 180,
		"type": "land-small"
	},
	"display_group": 80,
	"max_health": 300,
	"events": {
		"firing": {
			"effect_spec": "/pa/effects/specs/default_small_muzzle_flash.pfx socket_muzzle",
			"audio_cue": "/SE/Weapons/veh/land_scout_fire"
		},
		"build_complete": {
			"audio_cue": "/SE/Build_Complete/veh"
		},
		"died": {
			"effect_scale": 0.65,
			"audio_cue": "/SE/Death/Veh_small"
		}
	},
	"tools": [{
	"aim_bone": "socket_aim",
	"spec_id": "/pa/units/land/land_scout/land_scout_tool_weapon.json",
	"muzzle_bone": "socket_muzzle"
	}],
		
	
	"attachable": {
		"offsets": {
			"root": [0,
			0,
			0],
			"head": [0,
			-0.2,
			1.6]
		}
	},
	"display_name": "Skitter",
	"description": "Scout: Multi-Purpose, fast speed",
	"model": {
		"filename": "/pa/units/land/land_scout/land_scout.papa",
		"arrows": 5,
		"animtree": "/pa/anim/anim_trees/land_scout.json",
		"animations": {
			"drive": "/pa/units/land/land_scout/land_scout_anim_drive.papa"
		}
	},
	"recon": {
		"observer": {
			"items": [{
				"radius": 160,
				"shape": "capsule",
				"layer": "surface_and_air",
				"channel": "sight"
			}]
		}
	},
	"physics": {
		"radius": 3,
		"push_class": 50
	},
	"transportable": {
		"size": 1
	},
	"base_spec": "/pa/units/land/base_vehicle/base_vehicle.json",
	"display_index": 80,
	"audio": {
		"loops": {
			"move": {
				"flag": "vel_changed",
				"should_start_func": "is_moving",
				"cue": "/SE/Movement/veh/land_scout_loop",
				"should_stop_func": "is_not_moving"
			}
		}
	},
	"wreckage_health_frac": 1
}