{
  "base_spec": "/pa/ammo/base_artillery/base_artillery.json",
  "model": {
    "filename": "/pa/units/land/bot_bomb/bot_bomb.papa"
  },
  "damage": 350,
  "splash_damage": 350,
  "splash_radius": 16,
  "splash_damages_allies": false,
  "min_velocity": 40,
  "initial_velocity": 80,
  "max_velocity": 80,
  "lifetime": 10,
  "events": {
    "died": {
      "audio_cue": "/SE/Impacts/shell_artillery",
      "effect_spec": "/pa/effects/specs/default_building_explosion.pfx"
    }
  }
}