{
  "strategic_icon_priority":4,
  "armor_type": "AT_Orbital", 
  "build_metal_cost": 1, 
  "command_caps": [
    "ORDER_Move", 
    "ORDER_Patrol", 
    "ORDER_Assist"
  ], 
  "description": "Base Orbital: Why are you seeing this? It's not a full spec.", 
  "display_name": "Base Orbital", 
  "enable_orbital_shell": true, 
  "gravwell_velocity_multiplier": 3.0, 
  "influence_radius": 1000, 
  "max_health": 1, 
  "navigation": {
    "acceleration": 10000, 
    "bank_factor": 0, 
    "brake": 10000, 
    "dodge_multiplier": 1.0, 
    "dodge_radius": 10, 
    "hover_time": -1.0, 
    "move_speed": 1000, 
    "turn_speed": 1000, 
    "type": "orbital", 
    "wobble_factor": 0.2, 
    "wobble_speed": 0.0
  }, 
  "orbital_offset": [
    {
      "color_at_ground": [
        1.0, 
        1.0, 
        1.0, 
        1.0
      ], 
      "color_at_unit": [
        1.0, 
        1.0, 
        1.0, 
        0.0
      ], 
      "effect": "particle_line_arrow_transparent_nohdr", 
      "enabled": true, 
      "offset_from_ground": 1.0, 
      "offset_from_unit": 4.0, 
      "scale": 3.0, 
      "texture": "/pa/effects/textures/particles/uncompressed/orbital_line_ally.papa", 
      "use_team_color": true, 
      "uv_factor": 64.0, 
      "view_type": "Ally"
    }, 
    {
      "color_at_ground": [
        1.0, 
        1.0, 
        1.0, 
        1.0
      ], 
      "color_at_unit": [
        1.0, 
        1.0, 
        1.0, 
        0.0
      ], 
      "effect": "particle_line_arrow_transparent_nohdr", 
      "enabled": true, 
      "offset_from_ground": 1.0, 
      "offset_from_unit": 4.0, 
      "scale": 7.0, 
      "texture": "/pa/effects/textures/particles/uncompressed/orbital_line_unselected.papa", 
      "use_team_color": true, 
      "uv_factor": 64.0, 
      "view_type": "Unselected Preview"
    }, 
    {
      "color_at_ground": [
        1.0, 
        1.0, 
        1.0, 
        1.0
      ], 
      "color_at_unit": [
        1.0, 
        1.0, 
        1.0, 
        1.0
      ], 
      "effect": "particle_line_arrow_transparent_nohdr", 
      "enabled": true, 
      "offset_from_ground": 1.0, 
      "offset_from_unit": 4.0, 
      "scale": 7.0, 
      "texture": "/pa/effects/textures/particles/uncompressed/orbital_line_selected.papa", 
      "use_team_color": true, 
      "uv_factor": 64.0, 
      "view_type": "Selected"
    }, 
    {
      "color_at_ground": [
        1.0, 
        1.0, 
        1.0, 
        1.0
      ], 
      "color_at_unit": [
        1.0, 
        1.0, 
        1.0, 
        0.0
      ], 
      "effect": "particle_line_arrow_transparent_nohdr", 
      "enabled": true, 
      "offset_from_ground": 1.0, 
      "offset_from_unit": 4.0, 
      "scale": 3.0, 
      "texture": "/pa/effects/textures/particles/uncompressed/orbital_line_enemy.papa", 
      "use_team_color": true, 
      "uv_factor": 64.0, 
      "view_type": "Enemy"
    }
  ], 
  "physics": {
    "air_friction": 1.0, 
    "collision_layers": "WL_Orbital", 
    "gravity_scalar": 0.001, 
    "push_class": 15, 
    "radius": 5
  }, 
  "show_in_orbital_layer": true, 
  "strategic_icon_priority": 1, 
  "system_velocity_multiplier": 15.0, 
  "unit_types": [
    "UNITTYPE_Mobile", 
    "UNITTYPE_Orbital", 
    "UNITTYPE_NoBuild"
  ], 
  "wreckage_health_frac": 0.0
}