{"tools":[{"aim_bone":"bone_pitch","spec_id":"/pa/units/air/fabrication_aircraft/fabrication_aircraft_build_arm.json"}],"command_caps":["ORDER_Move","ORDER_Patrol","ORDER_Build","ORDER_Reclaim","ORDER_Repair","ORDER_Assist","ORDER_Use"],"audio":{"loops":{"move":{"cue":"/SE/Movement/air/fab_air_loop","should_stop_func":"is_not_moving","should_start_func":"is_moving","flag":"vel_changed"},"build":{"should_stop_func":"no_build_target","flag":"build_target_changed","should_start_func":"has_build_target","cue":"/SE/Construction/Fab_contruction_beam_loop"}}},"unit_types":["UNITTYPE_Air","UNITTYPE_Fabber","UNITTYPE_Construction","UNITTYPE_Mobile","UNITTYPE_Basic","UNITTYPE_FactoryBuild"],"TEMP_texelinfo":7.11877,"model":{"animations":{"fly":"/pa/units/air/fabrication_aircraft/fabrication_aircraft_anim_fly.papa"},"filename":"/pa/units/air/fabrication_aircraft/fabrication_aircraft.papa","animtree":"/pa/anim/anim_trees/fabrication_aircraft.json"},"attachable":{"offsets":{"head":[0,0,4],"root":[0,0,0]}},"description":"Fabrication: Builds structures","recon":{"observer":{"items":[{"channel":"sight","shape":"capsule","layer":"surface_and_air","radius":100}]}},"build_metal_cost":200,"display_index":80,"max_health":25,"guard_radius":60,"navigation":{"type":"air","turn_speed":180,"aggressive_behavior":"circle","circle_min_time":1,"acceleration":35,"brake":35,"move_speed":35,"circle_max_time":3},"display_group":100,"fx_offsets":[{"orientation":[0,0,0],"offset":[0,-3.269,-0.801],"type":"build","filename":"/pa/effects/specs/fab_spray.pfx","bone":"bone_pitch"},{"offset":[1.637,0.01,-0.822],"orientation":[0,90,0],"bone":"bone_leftWing","filename":"/pa/units/air/fabrication_aircraft/fabrication_aircraft_jets.pfx","type":"moving"},{"offset":[-1.638,0.01,-0.822],"orientation":[0,90,0],"bone":"bone_rightWing","type":"moving","filename":"/pa/units/air/fabrication_aircraft/fabrication_aircraft_jets.pfx"}],"mesh_bounds":[8.9127,5.58409,3.74006],"physics":{"gravity_scalar":1,"radius":4},"base_spec":"/pa/units/air/base_flyer/base_flyer.json","events":{"died":{"audio_cue":"/SE/Death/Air"},"build_complete":{"audio_cue":"/SE/Build_Complete/fab"}},"display_name":"Fabrication Aircraft","transportable":{"size":1},"buildable_types":"Land & Structure & Basic | Factory & Basic | Factory & Advanced & Air | FabBuild","guard_layer":"WL_LandHorizontal"}