{
  "base_spec": "/pa/units/air/base_flyer/base_flyer.json",
  "display_name": "Pelican",
  "description": "Heavy Radar Transport: Slow-moving single unit transport. Weak vs Anti-air & Fast",
  "max_health": 350,
  "build_metal_cost": 120,
  "usable": true,
  "attachable": {
    "offsets": {
      "root": [
        0,
        0,
        0
      ]
    }
  },
  "unit_types": [
    "UNITTYPE_Air",
    "UNITTYPE_Mobile",
    "UNITTYPE_Transport",
    "UNITTYPE_Basic",
    "UNITTYPE_FactoryBuild"
  ],
  "events": {
    "build_complete": {
      "audio_cue": "/SE/Build_Complete/air"
    },
    "child_attached": {
      "audio_cue": "/SE/Movement/air/transport_load"
    },
    "child_detached": {
      "audio_cue": "/SE/Movement/air/transport_unload"
    },
    "died": {
      "audio_cue": "/SE/Death/Air",
      "effect_spec": "/pa/effects/specs/default_explosion.pfx"
    }
  },
  "audio": {
    "loops": {
      "move": {
        "cue": "/SE/Movement/air/air_gunship_loop",
        "flag": "vel_changed",
        "should_start_func": "is_moving",
        "should_stop_func": "is_not_moving"
      }
    }
  },
  "command_caps": [
    "ORDER_Move",
    "ORDER_Patrol",
    "ORDER_Assist",
    "ORDER_Load",
    "ORDER_Unload",
    "ORDER_Use"
  ],
  "useable": {
    "type": "transport",
    "range": 10
  },
  "transporter": {
    "capacity": 1,
    "transporter_attach_bone": "bone_payload",
    "transportable_attach_offset": "head"
  },
  "navigation": {
    "type": "air",
    "acceleration": 20,
    "brake": 90,
    "move_speed": 45,
    "turn_speed": 180,
    "vertical_speed": 150,
    "hover_time": -1.0
  },
  "physics": {
    "radius": 5,
    "push_class": 15,
    "gravity_scalar": 0.001
  },
  "recon": {
    "observer": {
      "items": [
        {
          "layer": "surface_and_air",
          "radius": 100,
          "channel": "sight",
          "shape": "capsule"
        },
        {
          "layer": "surface_and_air",
          "radius": 350,
          "channel": "radar",
          "shape": "capsule",
          "uses_energy": true
        }
      ]
    }
  },
    "transportable": {
         "size": 2
    },
  "consumption": {
    "energy": 100
  },
  "energy_efficiency_requirement": 0.9,
  "model": {
    "filename": "/pa/units/air/transport/transport.papa",
    "animations": {
      "fly": "/pa/units/air/transport/transport_anim_fly.papa"
    },
    "animtree": "/pa/anim/anim_trees/transport_anim_tree.json"
  },
  "TEMP_texelinfo": 10.4837,
  "fx_offsets": [
    {
      "type": "idle",
      "filename": "/pa/units/air/fabrication_aircraft/fabrication_aircraft_jets.pfx",
      "bone": "bone_leftWing",
      "offset": [
        0,
        0,
        -1.686
      ],
      "orientation": [
        0,
        90,
        0
      ]
    },
    {
      "type": "idle",
      "filename": "/pa/units/air/fabrication_aircraft/fabrication_aircraft_jets.pfx",
      "bone": "bone_rightWing",
      "offset": [
        0,
        0,
        -1.686
      ],
      "orientation": [
        0,
        90,
        0
      ]
    },
    {
      "type": "moving_forward",
      "filename": "/pa/units/air/transport/transport_jets.pfx",
      "bone": "bone_turret",
      "offset": [
        0,
        1.418,
        0.5
      ]
    }
  ],
  "mesh_bounds": [
    13.5,
    13.5,
    4.7
  ]
}