{
  "TEMP_texelinfo": 47.2606,
  "audio": {
    "loops": {
      "move": {
        "cue": "/SE/Movement/sea/T2_battleship_loop",
        "flag": "vel_changed",
        "should_start_func": "is_moving",
        "should_stop_func": "is_not_moving"
      }
    }
  },
  "base_spec": "/pa/units/sea/base_ship/base_ship.json",
  "build_metal_cost": 3500,
  "description": "Heavy Assault Ship: A battleship with long-range cannons. Uses energy. Weak vs Heavy-Hitters & Long-Range",
  "display_group": 20,
  "display_index": 100,
  "display_name": "Leviathan",
  "events": {
    "build_complete": {
      "audio_cue": "/SE/Build_Complete/sea"
    },
    "died": {
      "audio_cue": "/SE/Death/Sea_large"
    },
    "fired": {
      "audio_cue": "/SE/Weapons/sea/T2_battleship_fire"
    }
  },
  "guard_layer": "WL_LandHorizontal",
  "guard_radius": 270,
  "max_health": 7500,
  "mesh_bounds": [
    12,
    90,
    12
  ],
  "model": {
    "animtree": "/pa/anim/anim_trees/battleship_anim_tree.json",
    "arrows": 5,
    "filename": "/pa/units/sea/battleship/battleship.papa"
  },
  "navigation": {
    "aggressive_distance": 225,
    "acceleration": 3,
    "brake": 9,
    "move_speed": 25,
    "turn_speed": 15,
    "type": "water"
  },
  "nearby_target_tick_update_interval": 15,
  "physics": {
    "push_class": 2,
    "radius": 12,
    "shape": "box"
  },
  "recon": {
    "observer": {
      "items": [
        {
          "channel": "sight",
          "layer": "surface_and_air",
          "radius": 200,
          "shape": "capsule"
        }
      ]
    }
  },
  "spawn_layers": "WL_WaterSurface",
  "tools": [
    {
      "spec_id": "/pa/units/sea/battleship/battleship_tool_weapon.json",
      "aim_bone": "bone_pitch01",
      "record_index": 0,
      "fire_event": "fired0",
      "muzzle_bone": [
        "socket_muzzle01"
      ]
    },
    {
      "spec_id": "/pa/units/sea/battleship/battleship_tool_weapon.json",
      "aim_bone": "bone_pitch01",
      "record_index": 0,
      "fire_event": "fired0",
      "muzzle_bone": [
        "socket_muzzle02"
      ]
    },
    {
      "spec_id": "/pa/units/sea/battleship/battleship_tool_weapon.json",
      "aim_bone": "bone_pitch01",
      "record_index": 0,
      "fire_event": "fired0",
      "muzzle_bone": [
        "socket_muzzle03"
      ]
    },
    {
      "spec_id": "/pa/units/sea/battleship/battleship_tool_weapon.json",
      "aim_bone": "bone_pitch02",
      "record_index": 1,
      "fire_event": "fired1",
      "muzzle_bone": [
        "socket_muzzle04"
      ]
    },
    {
      "spec_id": "/pa/units/sea/battleship/battleship_tool_weapon.json",
      "aim_bone": "bone_pitch02",
      "record_index": 1,
      "fire_event": "fired1",
      "muzzle_bone": [
        "socket_muzzle05"
      ]
    },
    {
      "spec_id": "/pa/units/sea/battleship/battleship_tool_weapon.json",
      "aim_bone": "bone_pitch02",
      "record_index": 1,
      "fire_event": "fired1",
      "muzzle_bone": [
        "socket_muzzle06"
      ]
    },
    {
      "spec_id": "/pa/units/sea/battleship/battleship_tool_weapon.json",
      "aim_bone": "bone_pitch03",
      "record_index": 2,
      "fire_event": "fired2",
      "muzzle_bone": [
        "socket_muzzle07"
      ]
    },
    {
      "spec_id": "/pa/units/sea/battleship/battleship_tool_weapon.json",
      "aim_bone": "bone_pitch03",
      "record_index": 2,
      "fire_event": "fired2",
      "muzzle_bone": [
        "socket_muzzle08"
      ]
    },
    {
      "spec_id": "/pa/units/sea/battleship/battleship_tool_weapon.json",
      "aim_bone": "bone_pitch03",
      "record_index": 2,
      "fire_event": "fired2",
      "muzzle_bone": [
        "socket_muzzle09"
      ]
    },
    {
      "spec_id": "/pa/units/sea/battleship/battleship_tool_weapon.json",
      "aim_bone": "bone_pitch04",
      "record_index": 3,
      "fire_event": "fired3",
      "muzzle_bone": [
        "socket_muzzle10"
      ]
    },
    {
      "spec_id": "/pa/units/sea/battleship/battleship_tool_weapon.json",
      "aim_bone": "bone_pitch04",
      "record_index": 3,
      "fire_event": "fired3",
      "muzzle_bone": [
        "socket_muzzle11"
      ]
    },
    {
      "spec_id": "/pa/units/sea/battleship/battleship_tool_weapon.json",
      "aim_bone": "bone_pitch04",
      "record_index": 3,
      "fire_event": "fired3",
      "muzzle_bone": [
        "socket_muzzle12"
      ]
    }
  ],
  "unit_types": [
    "UNITTYPE_Naval",
    "UNITTYPE_Mobile",
    "UNITTYPE_Advanced",
    "UNITTYPE_FactoryBuild"
  ]
}