{
  "ammo_capacity": 18000,
  "ammo_demand": 1800,
  "ammo_per_shot": 1500,
  "ammo_source": "energy",
  "base_spec": "/pa/tools/base_shell_turret/base_shell_turret.json",
  "ammo_id": "/pa/units/sea/battleship/battleship_ammo.json",
  "max_firing_velocity": 400,
  "min_firing_velocity": 200,
  "rate_of_fire": 0.1,
  "max_range": 225,
  "yaw_rate": 60,
  "pitch_rate": 45,
  "yaw_range": 180,
  "pitch_range": 45,
  "auto_attack": true,
  "firing_standard_deviation": 1,
  "target_layers": [
    "WL_LandHorizontal",
    "WL_Seafloor",
    "WL_WaterSurface"
  ]
}