{
  "base_spec": "/pa/ammo/kinetic_bombardment/harpoon.json", 
  "damage": 600, 
  "events": {
    "died": {
      "audio_cue": "/SE/Impacts/cannon_uber", 
      "effect_spec": "/pa/effects/specs/uber_proj_explosion.pfx"
    }
  }, 
  "flight_type": "Direct", 
  "full_damage_splash_radius": 2, 
  "fx_trail": {
    "filename": "/pa/effects/specs/shell_proj_trail.pfx",
    "offset": [
      0,
      1.2,
      0
    ]
  }, 
  "initial_velocity": 0.1, 
  "lifetime": 20, 
  "max_velocity": 10000, 
  "model": {
    "filename": "/pa/units/air/missile_anti_nuke/missile_anti_nuke.papa"
  }, 
  "physics": {
    "add_to_spatial_db": false, 
    "gravity_scalar": 4, 
    "ignore_gravity": false, 
    "push_class": 1, 
    "radius": 1
  }, 
  "spawn_layers": "orbital", 
  "splash_damage": 200, 
  "splash_radius": 50
}