{"base_spec": "/pa/units/land/base_structure/base_structure.json","display_name": "Metal Storage","description": "Metal: Increases maximum metal storage capacity","display_group": 80,"display_index": 40,"max_health": 2500,"build_metal_cost": 800,"atrophy_rate": 50.0,"atrophy_cool_down": 30.0,"spawn_layers": "WL_AnyHorizontalGroundOrWaterSurface","area_build_type": "Sphere","storage": {"metal": 60000},"unit_types": ["UNITTYPE_Structure","UNITTYPE_Advanced","UNITTYPE_FabAdvBuild","UNITTYPE_Economy"],"recon": {"observer": {"items": [{"layer": "surface_and_air","channel": "sight","shape": "capsule","radius": 100}]}},"model": [{"layer": "WL_LandHorizontal","filename": "/pa/units/land/metal_storage/metal_storage.papa","skirt_decal": "/pa/effects/specs/skirt_metal.json"},{"layer": "WL_WaterSurface","filename": "/pa/units/sea/sea_metal_storage/sea_metal_storage.papa"}],"events": {"build_complete": {"audio_cue": "/SE/Build_Complete/metal"},"died": {"audio_cue": "/SE/Death/Factory","effect_scale": 0.7}},"headlights": [{"gobo": "/pa/effects/textures/gobo/spotlight_gobo.papa","offset": [0.0,-9.63,13.0],"orientation": [0.0,23.0,0.0],"near_width": 8,"near_height": 8,"near_distance": 5.0,"far_distance": 25.0,"color": [1.0,1.0,1.0],"intensity": 2.0}],"lamps": [{"offset": [2.5,9.59,8.54],"radius": 11.0,"color": [1.0,1.0,1.0],"intensity": 1.0},{"offset": [-2.5,9.59,8.54],"radius": 11.0,"color": [1.0,1.0,1.0],"intensity": 1.0},{"offset": [0.0,-9.63,13.0],"radius": 4.0,"color": [1.0,1.0,1.0],"intensity": 3.0}],"mesh_bounds": [20,20.0769,15.151],"TEMP_texelinfo": 21.4256}