{
  "TEMP_texelinfo": 6.95074,
  "tools": [
    {
      "spec_id": "/pa/units/sea/fabrication_sub/fabrication_sub_build_arm.json",
      "aim_bone": "bone_root"
    }
  ],
  "build_metal_cost": 450,
  "command_caps": [
    "ORDER_Move",
    "ORDER_Patrol",
    "ORDER_Build",
    "ORDER_Reclaim",
    "ORDER_Repair",
    "ORDER_Assist"
  ],
  "unit_types": [
    "UNITTYPE_Fabber",
    "UNITTYPE_Naval",
    "UNITTYPE_Mobile",
    "UNITTYPE_Basic"
  ],
  "navigation": {
    "type": "water",
    "turn_speed": 90,
    "move_speed": 10,
    "wobble_speed": 0.2,
    "acceleration": 50,
    "brake": 50,
    "dodge_radius": 15,
    "dodge_multiplier": 1,
    "wobble_factor": 0.1
  },
  "fx_offsets": [
    {
      "offset": [
        0,
        0,
        0
      ],
      "orientation": [
        0,
        0,
        0
      ],
      "filename": "/pa/effects/specs/fab_spray.pfx",
      "type": "build",
      "bone": "socket_muzzle"
    }
  ],
  "display_group": 100,
  "max_health": 300,
  "events": {
    "build_complete": {
      "audio_cue": "/SE/Build_Complete/fab"
    },
    "died": {
      "audio_cue": "/SE/Death/Sea"
    }
  },
  "display_name": "Fabrication Sub",
  "description": "Fabricator: Builds naval structures",
  "buildable_types": "Naval & Structure & Basic | Naval & Factory & Advanced",
  "model": {
    "animtree": "/pa/anim/anim_trees/fabrication_turret_anim_tree.json",
    "filename": "/pa/units/sea/fabrication_sub/fabrication_sub.papa"
  },
  "spawn_layers": "WL_WaterSurface",
  "physics": {
    "radius": 6,
    "push_class": 2,
    "allow_pushing": true
  },
  "base_spec": "/pa/units/sea/base_ship/base_ship.json",
  "recon": {
    "observer": {
      "items": [
        {
          "radius": 100,
          "shape": "capsule",
          "channel": "sight",
          "layer": "surface_and_air"
        }
      ]
    }
  },
  "audio": {
    "loops": {
      "build": {
        "flag": "build_target_changed",
        "should_stop_func": "no_build_target",
        "should_start_func": "has_build_target",
        "cue": "/SE/Construction/Fab_contruction_beam_loop"
      },
      "move": {
        "flag": "vel_changed",
        "cue": "/SE/Movement/sea/Fab_sub_loop",
        "should_start_func": "is_moving",
        "should_stop_func": "is_not_moving"
      }
    }
  },
  "display_index": 20
}