{
  "base_spec": "/pa/units/land/base_structure/base_structure.json",
  "display_name": "Single Laser Defense Tower",
  "description": "Light Riot-Control Tower: A cheap and weak short-range fast-firing tower. Weak vs Assault & Heavy",
  "display_group": 20,
  "display_index": 95,
  "max_health": 275,
  "build_metal_cost": 100,
  "atrophy_rate": 10,
  "atrophy_cool_down": 30,
  "spawn_layers": "WL_AnyHorizontalGroundOrWaterSurface",
  "unit_types": [
    "UNITTYPE_Structure",
    "UNITTYPE_CombatFabAdvBuild",
    "UNITTYPE_Basic",
    "UNITTYPE_Land",
    "UNITTYPE_SurfaceDefense",
    "UNITTYPE_Defense",
    "UNITTYPE_FabBuild",
    "UNITTYPE_CmdBuild"
  ],
  "command_caps": [
    "ORDER_Attack"
  ],
  "guard_radius": 120,
  "guard_layer": "WL_AnySurface",
  "recon": {
    "observer": {
      "items": [
        {
          "layer": "surface_and_air",
          "channel": "sight",
          "shape": "capsule",
          "radius": 130
        }
      ]
    }
  },
  "model": [
    {
      "layer": "WL_LandHorizontal",
      "filename": "/pa/units/land/laser_defense_single/laser_defense_single.papa",
      "animtree": "/pa/anim/anim_trees/defense_turret_single_anim_tree.json",
      "skirt_decal": "/pa/effects/specs/skirt_defense.json"
    },
    {
      "layer": "WL_WaterSurface",
      "filename": "/pa/units/sea/floating_laser_single/floating_laser_single.papa",
      "animtree": "/pa/anim/anim_trees/defense_turret_single_anim_tree.json"
    }
  ],
  "tools": [
    {
      "spec_id": "/pa/units/land/laser_defense_single/laser_defense_single_tool_weapon.json",
      "aim_bone": "bone_pitch",
      "muzzle_bone": [
        "socket_muzzle"
      ]
    }
  ],
  "events": {
    "build_complete": {
      "audio_cue": "/SE/Build_Complete/structure_small"
    },
    "died": {
      "audio_cue": "/SE/Death/structure_small",
      "effect_scale": 0.3
    },
    "fired": {
      "audio_cue": "/SE/Weapons/structure/laser_defense_single_fire",
      "effect_spec": "/pa/effects/specs/default_muzzle_flash.pfx socket_muzzle"
    }
  },
  "mesh_bounds": [
    5,
    5.76558,
    16.0541
  ],
  "area_build_separation": 6,
  "TEMP_texelinfo": 10.2184
}