{"build_metal_cost":900,"tools":[{"aim_bone":"bone_root","spec_id":"/pa/units/sea/attack_sub/attack_sub_tool_weapon.json","muzzle_bone":"bone_root"}],"TEMP_texelinfo":8.37977,"guard_radius":200,"unit_types":["UNITTYPE_Naval","UNITTYPE_Mobile","UNITTYPE_Basic","UNITTYPE_Sub"],"navigation":{"wobble_factor":0.1,"dodge_multiplier":1,"type":"water","turn_speed":30,"move_speed":10,"wobble_speed":0.2,"acceleration":1,"brake":1,"dodge_radius":15},"events":{"died":{"audio_cue":"/SE/Death/Sea_sub"},"firing":{"audio_cue":"/SE/Weapons/sea/attack_sub_fire"},"build_complete":{"audio_cue":"/SE/Build_Complete/sea"}},"display_group":40,"max_health":280,"description":"Submarine Class: Anti-sub and anti-ship torpedoes","display_name":"Dolphin","model":{"filename":"/pa/units/sea/attack_sub/attack_sub.papa","arrows":5},"guard_layer":"WL_WaterSurface","recon":{"observer":{"items":[{"channel":"sight","layer":"surface_and_air","radius":150,"shape":"capsule"}]}},"base_spec":"/pa/units/sea/base_ship/base_ship.json","physics":{"radius":6,"push_class":2},"spawn_layers":"WL_WaterSurface","display_index":60,"audio":{"loops":{"move":{"should_start_func":"is_moving","cue":"/SE/Movement/sea/attack_sub_loop","should_stop_func":"is_not_moving","flag":"vel_changed"}}}}