{"build_metal_cost":1500,"TEMP_texelinfo":23.9658,"unit_types":["UNITTYPE_Orbital","UNITTYPE_Mobile","UNITTYPE_Transport","UNITTYPE_Basic","UNITTYPE_FactoryBuild"],"command_caps":["ORDER_Move","ORDER_Patrol","ORDER_Assist","ORDER_Load","ORDER_Unload","ORDER_SpecialMove"],"navigation":{"hover_time":-1,"move_speed":25,"turn_speed":360,"type":"orbital","brake":25,"acceleration":25,"vertical_speed":100},"events":{"build_complete":{"audio_cue":"/SE/Build_Complete/orbital"},"died":{"effect_spec":"/pa/effects/specs/default_explosion.pfx","audio_cue":"/SE/Death/orbital"}},"fx_offsets":[{"offset":[0,-3.793,0],"orientation":[0,180,0],"filename":"/pa/units/air/gunship/gunship_jets.pfx","type":"moving","bone":"bone_leftThruster"},{"offset":[0,-3.793,0],"filename":"/pa/units/air/gunship/gunship_jets.pfx","orientation":[0,180,0],"type":"moving","bone":"bone_rightThruster"},{"orientation":[0,180,0],"filename":"/pa/units/air/gunship/gunship_jets.pfx","offset":[0,-2.694,0],"bone":"bone_jet01","type":"moving"},{"bone":"bone_jet02","type":"moving","filename":"/pa/units/air/gunship/gunship_jets.pfx","orientation":[0,180,0],"offset":[0,-2.694,0]},{"type":"moving","bone":"bone_jet03","offset":[0,-2.694,0],"filename":"/pa/units/air/gunship/gunship_jets.pfx","orientation":[0,180,0]},{"filename":"/pa/units/air/gunship/gunship_jets.pfx","orientation":[0,180,0],"offset":[0,-2.694,0],"bone":"bone_jet04","type":"moving"}],"max_health":300,"usable":true,"description":"Orbital Lander: Load it up, get units to other planets.","attachable":{"offsets":{"root":[0,0,0]}},"display_name":"Astraeus","model":{"filename":"/pa/units/orbital/orbital_lander/orbital_lander.papa","animtree":"/pa/anim/anim_trees/satellite_launched.json","animations":{"closed":"/pa/units/orbital/orbital_lander/orbital_lander_anim_closed.papa","open":"/pa/units/orbital/orbital_lander/orbital_lander_anim_open.papa","deploy":"/pa/units/orbital/orbital_lander/orbital_lander_anim_deploy.papa"}},"transporter":{"capacity":1,"transportable_attach_offset":"head","transporter_attach_bone":"bone_payload"},"recon":{"observer":{"items":[{"layer":"surface_and_air","channel":"sight","radius":100,"shape":"capsule"},{"channel":"sight","layer":"orbital","shape":"sphere","radius":100}]}},"physics":{"radius":8,"push_class":25,"gravity_scalar":0.001},"base_spec":"/pa/units/orbital/base_orbital/base_orbital.json","mesh_bounds":[30,20,10],"useable":{"range":10,"type":"transport"},"audio":{"loops":{"move":{"flag":"vel_changed","cue":"/SE/Movement/orbital/orbital_transport_loop","should_start_func":"is_moving","should_stop_func":"is_not_moving"}}}}