{
  "base_spec": "/pa/tools/base_laser_turret/base_laser_turret.json",
  "ammo_id": "/pa/units/land/laser_defense_adv/laser_defense_adv_ammo.json",
  "rate_of_fire": 3,
  "ammo_source": "energy",
  "ammo_capacity": 6000,
  "ammo_demand": 250,
  "ammo_per_shot": 500,
  "max_range": 150,
  "yaw_rate": 60,
  "pitch_rate": 180,
  "yaw_range": 180,
  "pitch_range": 90,
  "auto_attack": true,
  "target_layers": [
    "WL_LandHorizontal",
    "WL_Seafloor",
    "WL_WaterSurface"
  ]
}