{
	"TEMP_texelinfo": 5.47132,
	"model": {
		"animations": {
			"death01": "/pa/units/land/bot_aa/bot_aa_anim_death01.papa",
			"aim_up": "/pa/units/land/bot_aa/bot_aa_anim_aimUp.papa",
			"walk": "/pa/units/land/bot_aa/bot_aa_anim_run.papa",
			"aim_down": "/pa/units/land/bot_aa/bot_aa_anim_aimDown.papa"
		},
		"arrows": 5,
		"animtree": "/pa/anim/anim_trees/bot_aa.json",
		"walk_speed": 11.2,
		"filename": "/pa/units/land/bot_aa/bot_aa.papa"
	},
	"tools": [{
		"aim_bone": "bone_turret",
		"spec_id": "/pa/units/land/bot_aa/bot_aa_tool_weapon.json",
		"muzzle_bone": ["socket_rightMuzzle",
		"socket_leftMuzzle"]
	}],
	"unit_types": ["UNITTYPE_Bot",
	"UNITTYPE_Mobile",
	"UNITTYPE_AirDefense",
	"UNITTYPE_Land",
	"UNITTYPE_Basic",
	"UNITTYPE_FactoryBuild"],
	"audio": {
		"loops": {
			"move": {
				"should_stop_func": "is_not_moving",
				"flag": "vel_changed",
				"should_start_func": "is_moving",
				"cue": "/SE/Movement/bot/aa_loop"
			}
		}
	},
	"attachable": {
		"offsets": {
			"head": [0,
			0.3,
			3],
			"root": [0,
			0,
			0]
		}
	},
	"description": "AA: Anti-air missiles",
	"recon": {
		"observer": {
			"items": [{
				"shape": "capsule",
				"channel": "sight",
				"radius": 100,
				"layer": "surface_and_air"
			}]
		}
	},
	"nearby_target_tick_update_interval": 3,
	"max_health": 100,
	"display_index": 80,
	"guard_radius": 120,
	"build_metal_cost": 120,
	"navigation": {
		"type": "land-small",
		"move_speed": 10,
		"turn_speed": 720,
		"brake": 120,
		"acceleration": 120
	},
	"display_group": 60,
	"physics": {
		"push_class": 2,
		"radius": 2.25
	},
	"events": {
		"firing": {
			"audio_cue": "/SE/Weapons/bot/bot_aa_fire",
			"effect_spec": "/pa/effects/specs/default_muzzle_flash.pfx socket_leftMuzzle /pa/effects/specs/default_muzzle_flash.pfx socket_rightMuzzle"
		},
		"build_complete": {
			"audio_cue": "/SE/Build_Complete/bot"
		},
		"died": {
			"audio_cue": "/SE/Death/bot",
			"effect_scale": 0.6
		}
	},
	"display_name": "Stinger",
	"base_spec": "/pa/units/land/base_vehicle/base_vehicle.json",
	"guard_layer": "WL_Air",
	"transportable": {
		"size": 1
	}
}