{"base_spec":"/pa/units/land/base_structure/base_structure.json","display_name":"Sonar","description":"Sonar: Detects underwater units","display_group":50,"display_index":105,"max_health":500,"build_metal_cost":180,"spawn_layers":"WL_WaterSurface","consumption":{"energy":300},"unit_types":["UNITTYPE_Structure","UNITTYPE_Recon"],"recon":{"observer":{"items":[{"layer":"surface_and_air","channel":"sight","shape":"capsule","radius":100}]}},"model":{"filename":"/pa/units/sea/sonar/sonar.papa","animations":{"idle":"/pa/units/sea/sonar/sonar_anim_work.papa"},"animtree":"/pa/anim/anim_trees/constant_idle.json"},"events":{"build_complete":{"audio_cue":"/SE/Build_Complete/sea"},"died":{"audio_cue":"/SE/Death/Sea"}},"TEMP_texelinfo":10.0158}