{
  "base_spec": "/pa/ammo/base_ammo/base_ammo.json",
  "flight_type": "Ballistic",
  "model": {
    "filename": "/pa/units/air/shell/shell.papa"
	},
  "events": {
    "died": {
      "audio_cue": "/SE/Impacts/shell_tank",
      "effect_spec": "/pa/effects/specs/default_proj_explosion.pfx"
    }
  },
  "damage": 1200,
  "splash_damage": 0,
  "splash_radius": 0,
  "splash_damages_allies": false,
  "initial_velocity": 1400,
  "max_velocity": 1400,
  "lifetime": 2,
  "fx_trail": {
    "filename": "/pa/effects/cannon/mass_driver.pfx"
  }
}