{"max_health":2000,"events":{"firing":{"audio_cue":"/SE/Weapons/air/bomber_fire"},"build_complete":{"audio_cue":"/SE/Build_Complete/radar"},"died":{"effect_spec":"/pa/effects/specs/default_explosion.pfx","audio_cue":"/SE/Death/radar"}},"consumption":{"energy":300},"display_name":"ARKYD","attachable":{"offsets":{"root":[0,0,0]}},"description":"Radar Satellite: Detects a large area for enemy land, sea, and air units","build_metal_cost":2250,"TEMP_texelinfo":10.6806,"gravwell_velocity_multiplier":6,"unit_types":["UNITTYPE_Mobile","UNITTYPE_Orbital","UNITTYPE_Basic","UNITTYPE_Recon","UNITTYPE_FactoryBuild"],"command_caps":["ORDER_Move","ORDER_Patrol","ORDER_Assist"],"navigation":{"brake":15,"acceleration":15,"move_speed":15,"hover_time":-1,"type":"orbital","turn_speed":90},"recon":{"observer":{"items":[{"layer":"surface_and_air","channel":"radar","shape":"capsule","uses_energy":true,"radius":360},{"uses_energy":true,"radius":100,"shape":"capsule","channel":"sight","layer":"surface_and_air"},{"channel":"radar","layer":"orbital","radius":360,"uses_energy":true,"shape":"capsule"},{"channel":"sight","layer":"orbital","shape":"capsule","uses_energy":true,"radius":100}]}},"physics":{"radius":5,"push_class":50,"gravity_scalar":0.001},"base_spec":"/pa/units/orbital/base_orbital/base_orbital.json","mesh_bounds":[20,20,15],"model":{"animations":{"closed":"/pa/units/orbital/radar_satellite/radar_satellite_anim_closed.papa","deploy":"/pa/units/orbital/radar_satellite/radar_satellite_anim_deploy.papa","open":"/pa/units/orbital/radar_satellite/radar_satellite_anim_open.papa"},"animtree":"/pa/anim/anim_trees/satellite_launched.json","filename":"/pa/units/orbital/radar_satellite/radar_satellite.papa"},"system_velocity_multiplier":6,"energy_efficiency_requirement":0.9}