{
  "ammo_type": "Projectile",
  "display_name": "Anti-Satellite Ballistic Missile",
  "description": "Anti satellite weapon.",
  "build_metal_cost": 500,
  "flight_type": "Staged",
  "damage": 1000,
  "splash_damage": 1,
  "splash_radius": 0,
  "initial_velocity": 400,
  "max_velocity": 400,
  "turn_rate": 3600,
  "lifetime": 35,
  "show_strategic_icon": true,
  "spawn_layers": "WL_Air",
  "model": {
    "filename": "/pa/units/air/missile_anti_nuke/missile_anti_nuke.papa"
  },
  "physics": {
    "radius": 5,
    "push_class": 1,
    "gravity_scalar": 3,
    "ignore_gravity": true,
    "add_to_spatial_db": true
  },
  "fx_trail": {
    "filename": "/pa/units/land/anti_nuke_launcher/anti_nuke_sat_ammo_trail.pfx",
    "offset": [
      0,
      4.6,
      0
    ]
  },
  "events": {
    "died": {
      "audio_cue": "/SE/Impacts/missile_antinuke",
      "effect_spec": "/pa/units/land/anti_nuke_launcher/anti_nuke_launcher_ammo_explosion.pfx",
      "effect_world_aligned": false
    }
  },
  "audio_loop": "/SE/Movement/missile/anti_nuke_missile_fly_loop",
  "stages": [
    {
      "ignores_gravity": true,
      "ignores_LOS": true,
      "stage_duration": 50,
      "stage_turn_rate": 180,
      "rotates_to_velocity": true
    },
    {
      "ignores_gravity": true,
      "ignores_LOS": false,
      "stage_duration": 0,
      "stage_turn_rate": 1080,
      "rotates_to_velocity": true
    }
  ]
}